"id","ref_id"
"B0001","Ref1155"
"B0002","Ref0110"
"B0002","Ref1234"
"B0003","Ref1221"
"B0004","Ref0219"
"B0005","Ref0217"
"B0006","Ref0215"
"B0006","Ref0216"
"B0007","Ref0085"
"B0007","Ref1175"
"B0008","Ref1175"
"B0009","Ref0621"
"B0010","Ref0304"
"B0010","Ref0727"
"B0010","Ref0834"
"B0010","Ref1185"
"B0011","Ref0126"
"B0011","Ref0309"
"B0012","Ref0466"
"B0013","Ref0310"
"B0014","Ref0323"
"B0015","Ref1222"
"B0016","Ref0531"
"B0017","Ref0610"
"B0018","Ref0629"
"B0019","Ref0629"
"B0020","Ref0091"
"B0021","Ref0066"
"B0022","Ref0221"
"B0023","Ref0221"
"B0024","Ref1056"
"B0025","Ref0225"
"B0026","Ref1055"
"B0029","Ref0429"
"B0030","Ref0466"
"B0031","Ref0228"
"B0032","Ref0182"
"B0033","Ref1223"
"B0034","Ref1224"
"B0035","Ref0099"
"B0036","Ref1226"
"B0037","Ref1225"
"B0038","Ref0176"
"B0039","Ref1584"
"B0040","Ref0162"
"B0041","Ref1580"
"B0042","Ref1217"
"B0043","Ref1644"
"B0044","Ref1103"
"B0045","Ref1637"
"B0046","Ref1644"
"B0047","Ref0090"
"B0048","Ref0047"
"B0049","Ref0619"
"B0050","Ref0311"
"B0051","Ref0424"
"B0052","Ref0426"
"B0052","Ref0633"
"B0053","Ref0882"
"B0054","Ref0280"
"B0055","Ref0426"
"B0056","Ref0870"
"B0057","Ref0866"
"B0058","Ref1621"
"B0059","Ref0939"
"B0059","Ref0940"
"B0059","Ref0941"
"B0060","Ref0070"
"B0061","Ref0393"
"B0061","Ref0394"
"B0061","Ref0395"
"B0062","Ref0390"
"B0063","Ref0387"
"B0064","Ref0388"
"B0064","Ref0869"
"B0065","Ref0386"
"B0066","Ref0867"
"B0067","Ref0868"
"B0068","Ref1644"
"B0069","Ref0021"
"B0069","Ref0022"
"B0069","Ref0023"
"B0069","Ref0024"
"B0069","Ref0112"
"B0070","Ref0025"
"B0070","Ref0026"
"B0071","Ref0260"
"B0072","Ref0275"
"B0072","Ref0276"
"B0073","Ref0466"
"B0073","Ref1579"
"B0074","Ref0259"
"B0075","Ref0466"
"B0076","Ref0122"
"B0076","Ref0122"
"B0076","Ref0317"
"B0076","Ref0325"
"B0076","Ref0525"
"B0077","Ref0117"
"B0077","Ref0728"
"B0077","Ref0730"
"B0077","Ref0732"
"B0077","Ref1186"
"B0078","Ref0731"
"B0079","Ref0729"
"B0080","Ref1065"
"B0081","Ref0145"
"B0082","Ref0795"
"B0083","Ref0144"
"B0084","Ref0101"
"B0085","Ref0883"
"B0086","Ref1566"
"B0087","Ref0621"
"B0088","Ref0441"
"B0089","Ref1633"
"B0090","Ref0733"
"B0091","Ref0125"
"B0091","Ref0314"
"B0092","Ref1154"
"B0093","Ref0163"
"B0093","Ref0177"
"B0093","Ref0466"
"B0093","Ref0620"
"B0094","Ref0466"
"B0094","Ref1121"
"B0095","Ref0621"
"B0096","Ref0621"
"B0097","Ref0796"
"B0098","Ref0327"
"B0098","Ref0328"
"B0098","Ref0520"
"B0099","Ref0365"
"B0100","Ref0150"
"B0101","Ref0149"
"B0101","Ref1190"
"B0102","Ref0797"
"B0102","Ref0892"
"B0104","Ref0012"
"B0105","Ref0124"
"B0106","Ref0129"
"B0107","Ref1063"
"B0108","Ref0234"
"B0108","Ref0237"
"B0109","Ref0230"
"B0109","Ref0231"
"B0109","Ref0232"
"B0109","Ref0233"
"B0109","Ref1178"
"B0110","Ref0229"
"B0110","Ref1336"
"B0111","Ref0238"
"B0112","Ref0165"
"B0112","Ref1173"
"B0113","Ref1177"
"B0114","Ref0033"
"B0115","Ref1227"
"B0115","Ref1228"
"B0116","Ref0871"
"B0117","Ref0531"
"B0118","Ref0063"
"B0119","Ref0208"
"B0119","Ref0209"
"B0120","Ref0064"
"B0120","Ref0084"
"B0120","Ref1580"
"B0121","Ref0065"
"B0121","Ref0437"
"B0121","Ref0466"
"B0122","Ref0048"
"B0123","Ref0608"
"B0124","Ref1127"
"B0125","Ref0058"
"B0125","Ref0205"
"B0125","Ref0615"
"B0126","Ref1065"
"B0127","Ref0067"
"B0127","Ref0068"
"B0127","Ref0069"
"B0127","Ref0613"
"B0127","Ref0614"
"B0128","Ref0469"
"B0129","Ref0470"
"B0130","Ref0471"
"B0131","Ref0466"
"B0131","Ref1579"
"B0131","Ref1619"
"B0132","Ref0369"
"B0133","Ref0137"
"B0134","Ref0226"
"B0134","Ref1176"
"B0135","Ref0037"
"B0136","Ref0289"
"B0137","Ref0621"
"B0138","Ref1621"
"B0139","Ref0321"
"B0140","Ref1621"
"B0141","Ref0322"
"B0141","Ref0754"
"B0142","Ref0466"
"B0142","Ref1169"
"B0142","Ref1172"
"B0143","Ref0531"
"B0144","Ref0305"
"B0144","Ref0316"
"B0144","Ref0531"
"B0145","Ref0326"
"B0145","Ref0531"
"B0146","Ref0621"
"B0147","Ref1630"
"B0148","Ref0005"
"B0148","Ref0006"
"B0148","Ref0010"
"B0148","Ref0019"
"B0148","Ref0531"
"B0149","Ref0004"
"B0149","Ref0018"
"B0149","Ref0531"
"B0150","Ref0046"
"B0151","Ref0466"
"B0153","Ref0086"
"B0154","Ref0214"
"B0155","Ref0213"
"B0155","Ref1632"
"B0156","Ref0621"
"B0157","Ref1122"
"B0158","Ref0382"
"B0159","Ref0151"
"B0159","Ref0366"
"B0159","Ref0891"
"B0159","Ref1028"
"B0160","Ref0103"
"B0161","Ref0320"
"B0162","Ref0007"
"B0162","Ref0123"
"B0162","Ref0467"
"B0163","Ref0430"
"B0164","Ref1126"
"B0165","Ref0427"
"B0166","Ref0041"
"B0167","Ref0629"
"B0167","Ref1579"
"B0168","Ref1195"
"B0169","Ref0339"
"B0169","Ref0341"
"B0169","Ref0342"
"B0169","Ref0347"
"B0169","Ref0352"
"B0169","Ref0621"
"B0169","Ref0734"
"B0170","Ref0621"
"B0171","Ref0431"
"B0172","Ref0014"
"B0172","Ref0015"
"B0173","Ref0001"
"B0174","Ref0009"
"B0175","Ref1170"
"B0176","Ref0616"
"B0177","Ref0467"
"B0178","Ref0621"
"B0179","Ref0609"
"B0180","Ref1580"
"B0180","Ref1620"
"B0181","Ref0884"
"B0182","Ref0532"
"B0182","Ref0612"
"B0183","Ref0362"
"B0184","Ref0161"
"B0184","Ref1619"
"B0184","Ref1620"
"B0185","Ref0406"
"B0186","Ref1584"
"B0187","Ref0410"
"B0188","Ref0400"
"B0189","Ref0702"
"B0191","Ref0155"
"B0191","Ref0156"
"B0191","Ref0402"
"B0191","Ref0404"
"B0191","Ref0405"
"B0191","Ref1167"
"B0191","Ref1636"
"B0192","Ref0164"
"B0192","Ref1166"
"B0192","Ref1191"
"B0192","Ref1621"
"B0193","Ref0154"
"B0193","Ref0403"
"B0193","Ref0407"
"B0193","Ref0621"
"B0194","Ref1580"
"B0195","Ref0153"
"B0196","Ref1580"
"B0197","Ref1153"
"B0198","Ref0333"
"B0198","Ref0334"
"B0198","Ref0621"
"B0199","Ref0383"
"B0200","Ref0531"
"B0201","Ref0011"
"B0201","Ref0027"
"B0201","Ref0028"
"B0201","Ref0029"
"B0201","Ref0030"
"B0201","Ref0331"
"B0201","Ref0531"
"B0202","Ref0008"
"B0202","Ref0116"
"B0202","Ref0308"
"B0202","Ref0531"
"B0203","Ref0531"
"B0204","Ref0060"
"B0204","Ref0083"
"B0204","Ref0440"
"B0204","Ref1174"
"B0204","Ref1647"
"B0205","Ref0061"
"B0205","Ref0062"
"B0206","Ref0059"
"B0206","Ref0082"
"B0206","Ref0202"
"B0207","Ref1229"
"B0208","Ref0467"
"B0208","Ref1238"
"B0209","Ref0188"
"B0210","Ref0267"
"B0211","Ref0054"
"B0213","Ref0189"
"B0213","Ref0190"
"B0214","Ref0467"
"B0215","Ref0072"
"B0215","Ref0074"
"B0215","Ref0075"
"B0215","Ref0076"
"B0215","Ref0210"
"B0216","Ref0039"
"B0217","Ref0071"
"B0217","Ref0073"
"B0217","Ref0218"
"B0218","Ref0630"
"B0219","Ref0220"
"B0220","Ref0432"
"B0221","Ref1584"
"B0222","Ref1580"
"B0223","Ref0629"
"B0224","Ref0038"
"B0225","Ref0621"
"B0226","Ref0891"
"B0227","Ref1586"
"B0228","Ref0891"
"B0228","Ref1058"
"B0229","Ref0146"
"B0229","Ref0368"
"B0229","Ref1580"
"B0230","Ref0143"
"B0231","Ref0798"
"B0232","Ref0891"
"B0233","Ref0194"
"B0234","Ref0194"
"B0235","Ref0634"
"B0236","Ref0174"
"B0237","Ref0056"
"B0238","Ref0055"
"B0239","Ref0057"
"B0240","Ref0422"
"B0240","Ref1193"
"B0240","Ref1621"
"B0241","Ref1584"
"B0242","Ref1542"
"B0243","Ref0133"
"B0244","Ref1580"
"B0244","Ref1643"
"B0245","Ref0799"
"B0246","Ref0132"
"B0247","Ref0467"
"B0248","Ref0336"
"B0248","Ref0337"
"B0248","Ref0833"
"B0249","Ref1479"
"B0250","Ref0239"
"B0251","Ref0391"
"B0252","Ref1060"
"B0253","Ref1189"
"B0254","Ref0363"
"B0255","Ref1280"
"B0256","Ref1029"
"B0256","Ref1583"
"B0257","Ref0801"
"B0258","Ref0802"
"B0259","Ref0499"
"B0260","Ref0800"
"B0261","Ref0131"
"B0262","Ref0467"
"B0262","Ref0620"
"B0264","Ref0629"
"B0265","Ref1642"
"B0265","Ref1644"
"B0266","Ref0378"
"B0267","Ref0379"
"B0268","Ref1645"
"B0269","Ref0371"
"B0270","Ref1183"
"B0271","Ref0268"
"B0272","Ref1064"
"B0273","Ref0411"
"B0274","Ref0412"
"B0275","Ref0359"
"B0276","Ref0338"
"B0277","Ref0266"
"B0278","Ref0095"
"B0278","Ref0096"
"B0278","Ref1179"
"B0279","Ref0258"
"B0279","Ref1580"
"B0280","Ref0227"
"B0281","Ref0467"
"B0281","Ref1631"
"B0282","Ref0517"
"B0283","Ref0240"
"B0283","Ref0244"
"B0283","Ref0631"
"B0283","Ref1180"
"B0284","Ref0242"
"B0284","Ref0243"
"B0285","Ref0340"
"B0286","Ref0735"
"B0286","Ref0736"
"B0287","Ref0034"
"B0287","Ref1065"
"B0288","Ref0629"
"B0289","Ref0611"
"B0290","Ref0036"
"B0290","Ref0467"
"B0291","Ref0035"
"B0291","Ref0467"
"B0292","Ref0373"
"B0292","Ref0374"
"B0292","Ref0891"
"B0293","Ref1527"
"B0294","Ref0198"
"B0295","Ref0049"
"B0296","Ref0128"
"B0296","Ref0345"
"B0296","Ref0348"
"B0296","Ref0349"
"B0296","Ref0350"
"B0296","Ref0351"
"B0296","Ref0353"
"B0296","Ref0354"
"B0296","Ref0355"
"B0296","Ref0356"
"B0296","Ref0357"
"B0296","Ref0358"
"B0296","Ref0360"
"B0296","Ref0527"
"B0296","Ref0533"
"B0297","Ref0621"
"B0298","Ref0531"
"B0298","Ref1219"
"B0299","Ref0343"
"B0299","Ref0346"
"B0299","Ref0621"
"B0299","Ref1187"
"B0299","Ref1188"
"B0299","Ref1620"
"B0300","Ref0183"
"B0301","Ref1182"
"B0302","Ref1350"
"B0303","Ref0467"
"B0304","Ref0312"
"B0305","Ref1171"
"B0306","Ref0315"
"B0307","Ref0531"
"B0308","Ref1580"
"B0309","Ref0120"
"B0309","Ref0120"
"B0310","Ref0621"
"B0311","Ref0127"
"B0311","Ref0329"
"B0311","Ref0332"
"B0311","Ref0747"
"B0312","Ref1621"
"B0313","Ref0531"
"B0314","Ref1618"
"B0316","Ref1128"
"B0317","Ref0376"
"B0318","Ref0803"
"B0319","Ref0621"
"B0320","Ref0621"
"B0321","Ref0212"
"B0321","Ref0433"
"B0322","Ref1334"
"B0323","Ref0442"
"B0324","Ref0421"
"B0325","Ref1619"
"B0326","Ref1580"
"B0327","Ref0531"
"B0328","Ref0620"
"B0328","Ref1453"
"B0328","Ref1454"
"B0328","Ref1654"
"B0329","Ref1580"
"B0329","Ref1620"
"B0330","Ref0621"
"B0331","Ref0299"
"B0332","Ref0111"
"B0332","Ref0467"
"B0332","Ref1184"
"B0332","Ref1581"
"B0332","Ref1620"
"B0333","Ref1062"
"B0334","Ref0175"
"B0335","Ref0171"
"B0335","Ref0172"
"B0336","Ref0885"
"B0337","Ref0173"
"B0338","Ref1216"
"B0339","Ref0863"
"B0340","Ref0862"
"B0341","Ref1641"
"B0342","Ref1060"
"B0343","Ref0032"
"B0344","Ref0097"
"B0344","Ref0250"
"B0344","Ref1029"
"B0345","Ref0256"
"B0346","Ref0255"
"B0347","Ref0223"
"B0348","Ref0100"
"B0348","Ref0249"
"B0348","Ref0262"
"B0349","Ref0804"
"B0351","Ref0185"
"B0352","Ref0003"
"B0353","Ref0147"
"B0353","Ref0148"
"B0353","Ref0467"
"B0353","Ref1579"
"B0354","Ref1541"
"B0355","Ref0050"
"B0356","Ref0296"
"B0357","Ref0016"
"B0357","Ref0621"
"B0358","Ref1621"
"B0359","Ref0891"
"B0359","Ref1054"
"B0359","Ref1579"
"B0360","Ref1580"
"B0361","Ref0109"
"B0362","Ref0108"
"B0363","Ref0372"
"B0363","Ref1218"
"B0364","Ref0367"
"B0364","Ref1218"
"B0365","Ref1621"
"B0366","Ref0290"
"B0367","Ref0301"
"B0368","Ref0278"
"B0368","Ref0282"
"B0368","Ref0283"
"B0368","Ref0285"
"B0368","Ref0443"
"B0368","Ref0452"
"B0368","Ref0453"
"B0368","Ref1054"
"B0369","Ref1056"
"B0370","Ref0281"
"B0371","Ref1580"
"B0372","Ref1638"
"B0373","Ref0201"
"B0374","Ref0197"
"B0375","Ref0602"
"B0376","Ref0438"
"B0377","Ref1230"
"B0378","Ref0629"
"B0379","Ref1120"
"B0381","Ref0621"
"B0382","Ref1580"
"B0383","Ref1055"
"B0384","Ref0088"
"B0384","Ref0089"
"B0384","Ref0235"
"B0385","Ref0293"
"B0385","Ref0298"
"B0385","Ref0300"
"B0386","Ref0286"
"B0387","Ref0288"
"B0388","Ref0526"
"B0389","Ref1057"
"B0389","Ref1059"
"B0390","Ref1582"
"B0391","Ref0370"
"B0392","Ref0628"
"B0393","Ref1053"
"B0394","Ref0805"
"B0395","Ref0806"
"B0395","Ref1619"
"B0396","Ref1335"
"B0397","Ref1064"
"B0398","Ref0531"
"B0399","Ref0531"
"B0400","Ref0531"
"B0401","Ref0531"
"B0402","Ref0531"
"B0403","Ref0531"
"B0404","Ref0531"
"B0405","Ref0529"
"B0405","Ref0620"
"B0406","Ref0531"
"B0407","Ref0530"
"B0407","Ref0534"
"B0407","Ref1621"
"B0408","Ref0547"
"B0409","Ref0444"
"B0410","Ref0135"
"B0411","Ref0807"
"B0412","Ref0621"
"B0413","Ref1235"
"B0414","Ref1580"
"B0415","Ref1580"
"B0416","Ref0864"
"B0417","Ref0102"
"B0417","Ref0248"
"B0417","Ref0592"
"B0418","Ref0592"
"B0419","Ref0592"
"B0420","Ref0199"
"B0420","Ref0200"
"B0421","Ref1621"
"B0422","Ref0335"
"B0423","Ref0344"
"B0424","Ref0886"
"B0425","Ref1621"
"B0426","Ref0119"
"B0426","Ref0121"
"B0426","Ref0318"
"B0426","Ref0318"
"B0426","Ref0319"
"B0426","Ref0741"
"B0426","Ref0748"
"B0426","Ref0974"
"B0427","Ref0531"
"B0427","Ref0742"
"B0428","Ref0531"
"B0428","Ref0740"
"B0429","Ref0620"
"B0429","Ref1580"
"B0429","Ref1620"
"B0430","Ref0118"
"B0430","Ref0531"
"B0430","Ref0739"
"B0430","Ref0750"
"B0431","Ref0531"
"B0431","Ref0749"
"B0432","Ref0483"
"B0433","Ref0439"
"B0433","Ref0467"
"B0434","Ref0428"
"B0435","Ref0445"
"B0436","Ref0887"
"B0437","Ref0467"
"B0438","Ref1060"
"B0439","Ref0808"
"B0440","Ref0420"
"B0441","Ref0737"
"B0442","Ref0738"
"B0443","Ref0809"
"B0444","Ref0106"
"B0444","Ref0467"
"B0445","Ref1580"
"B0446","Ref0081"
"B0447","Ref0377"
"B0448","Ref0136"
"B0448","Ref0467"
"B0449","Ref0139"
"B0449","Ref0140"
"B0449","Ref1580"
"B0450","Ref0279"
"B0451","Ref1580"
"B0451","Ref1620"
"B0452","Ref0381"
"B0453","Ref1621"
"B0454","Ref0399"
"B0455","Ref0160"
"B0455","Ref0635"
"B0456","Ref0158"
"B0456","Ref0159"
"B0456","Ref1621"
"B0458","Ref0246"
"B0458","Ref0446"
"B0459","Ref0307"
"B0459","Ref1462"
"B0461","Ref1061"
"B0461","Ref1063"
"B0462","Ref1123"
"B0463","Ref0087"
"B0464","Ref0447"
"B0465","Ref1059"
"B0466","Ref0292"
"B0466","Ref0302"
"B0467","Ref0138"
"B0468","Ref0245"
"B0469","Ref0114"
"B0469","Ref0115"
"B0469","Ref0621"
"B0469","Ref1620"
"B0470","Ref0020"
"B0470","Ref0113"
"B0471","Ref0252"
"B0472","Ref0751"
"B0473","Ref0467"
"B0474","Ref1168"
"B0475","Ref0294"
"B0476","Ref0297"
"B0477","Ref0330"
"B0477","Ref0744"
"B0477","Ref1621"
"B0478","Ref0306"
"B0478","Ref0753"
"B0479","Ref0743"
"B0479","Ref0745"
"B0480","Ref0324"
"B0480","Ref0752"
"B0481","Ref0786"
"B0482","Ref1236"
"B0483","Ref1231"
"B0484","Ref0192"
"B0485","Ref0193"
"B0486","Ref0179"
"B0487","Ref0181"
"B0488","Ref1621"
"B0489","Ref0416"
"B0489","Ref0418"
"B0489","Ref0528"
"B0490","Ref1621"
"B0491","Ref0810"
"B0492","Ref0621"
"B0493","Ref0832"
"B0494","Ref0467"
"B0494","Ref0746"
"B0495","Ref0621"
"B0495","Ref0771"
"B0496","Ref1055"
"B0497","Ref0270"
"B0497","Ref0273"
"B0497","Ref0274"
"B0498","Ref0031"
"B0499","Ref0186"
"B0501","Ref0392"
"B0502","Ref0017"
"B0503","Ref0017"
"B0504","Ref0002"
"B0506","Ref1281"
"B0507","Ref0265"
"B0507","Ref0277"
"B0508","Ref0251"
"B0509","Ref1530"
"B0509","Ref1648"
"B0510","Ref0142"
"B0510","Ref0375"
"B0510","Ref0467"
"B0511","Ref0141"
"B0511","Ref1580"
"B0512","Ref0166"
"B0513","Ref0811"
"B0514","Ref0448"
"B0515","Ref0098"
"B0515","Ref0167"
"B0515","Ref1181"
"B0515","Ref1584"
"B0516","Ref0812"
"B0517","Ref0425"
"B0518","Ref1621"
"B0519","Ref1621"
"B0520","Ref1220"
"B0521","Ref0104"
"B0521","Ref0247"
"B0521","Ref0593"
"B0521","Ref1583"
"B0521","Ref1646"
"B0522","Ref0449"
"B0523","Ref0385"
"B0523","Ref0865"
"B0524","Ref0287"
"B0525","Ref0415"
"B0525","Ref0417"
"B0526","Ref0397"
"B0527","Ref1240"
"B0528","Ref1232"
"B0529","Ref1233"
"B0530","Ref1635"
"B0531","Ref1580"
"B0532","Ref1062"
"B0533","Ref0364"
"B0534","Ref0130"
"B0534","Ref0467"
"B0534","Ref1583"
"B0535","Ref0396"
"B0536","Ref0157"
"B0536","Ref0414"
"B0536","Ref0975"
"B0537","Ref0419"
"B0538","Ref0152"
"B0539","Ref1461"
"B0539","Ref1475"
"B0540","Ref0408"
"B0542","Ref0401"
"B0542","Ref0409"
"B0542","Ref0409"
"B0542","Ref0620"
"B0542","Ref1192"
"B0542","Ref1620"
"B0542","Ref1639"
"B0542","Ref1640"
"B0543","Ref1580"
"B0543","Ref1620"
"B0544","Ref0040"
"B0544","Ref1580"
"B0545","Ref0794"
"B0546","Ref0291"
"B0546","Ref0295"
"B0547","Ref0467"
"B0548","Ref0284"
"B0548","Ref0284"
"B0549","Ref1585"
"B0550","Ref0107"
"B0551","Ref0178"
"B0552","Ref0450"
"B0554","Ref0180"
"B0555","Ref0168"
"B0556","Ref0451"
"B0557","Ref0398"
"B0558","Ref0013"
"B0559","Ref0313"
"B0560","Ref0434"
"B0560","Ref1580"
"B0561","Ref0384"
"B0562","Ref0621"
"B0563","Ref0077"
"B0563","Ref0078"
"B0563","Ref0079"
"B0563","Ref0203"
"B0563","Ref0914"
"B0564","Ref0080"
"B0564","Ref0206"
"B0564","Ref0207"
"B0564","Ref0211"
"B0564","Ref1564"
"B0565","Ref1031"
"B0566","Ref0467"
"B0566","Ref1030"
"B0567","Ref0079"
"B0567","Ref0204"
"B0567","Ref1065"
"B0568","Ref0224"
"B0569","Ref1119"
"B0570","Ref1065"
"B0571","Ref1093"
"B0572","Ref0361"
"B0573","Ref0191"
"B0573","Ref0195"
"B0574","Ref0196"
"B0575","Ref0413"
"B0576","Ref0303"
"B0578","Ref0435"
"B0579","Ref1239"
"B0580","Ref0105"
"B0581","Ref0813"
"B0581","Ref1619"
"B0582","Ref0241"
"B0583","Ref0042"
"B0584","Ref1065"
"B0585","Ref0423"
"B0585","Ref0621"
"B0585","Ref0632"
"B0586","Ref1587"
"B0587","Ref0264"
"B0588","Ref0257"
"B0589","Ref0222"
"B0590","Ref0261"
"B0591","Ref1058"
"B0592","Ref0271"
"B0592","Ref0272"
"B0593","Ref1563"
"B0594","Ref0253"
"B0595","Ref0269"
"B0596","Ref0092"
"B0596","Ref0254"
"B0596","Ref0436"
"B0596","Ref0467"
"B0597","Ref0094"
"B0598","Ref0093"
"B0599","Ref0814"
"B0600","Ref1060"
"B0601","Ref0263"
"B0602","Ref0236"
"B0603","Ref1237"
"B0604","Ref0051"
"B0605","Ref0052"
"B0606","Ref0053"
"B0607","Ref0134"
"B0608","Ref0815"
"B0609","Ref0380"
"B0610","Ref0184"
"B0610","Ref0187"
"B0611","Ref0389"
"B0612","Ref0894"
"B0613","Ref0985"
"M0001","Ref0829"
"M0002","Ref1512"
"M0003","Ref0766"
"M0004","Ref1369"
"M0005","Ref1433"
"M0006","Ref0725"
"M0007","Ref1436"
"M0008","Ref1436"
"M0009","Ref0844"
"M0010","Ref1428"
"M0013","Ref0827"
"M0014","Ref0958"
"M0015","Ref0927"
"M0016","Ref0486"
"M0017","Ref1578"
"M0018","Ref1275"
"M0018","Ref1277"
"M0019","Ref0591"
"M0020","Ref1092"
"M0021","Ref0829"
"M0022","Ref0663"
"M0022","Ref0829"
"M0023","Ref0829"
"M0024","Ref1202"
"M0025","Ref1346"
"M0026","Ref0716"
"M0027","Ref0924"
"M0028","Ref1007"
"M0029","Ref1409"
"M0031","Ref0591"
"M0031","Ref0706"
"M0031","Ref1049"
"M0031","Ref1050"
"M0032","Ref0500"
"M0033","Ref0169"
"M0034","Ref0829"
"M0035","Ref0552"
"M0036","Ref0888"
"M0037","Ref0829"
"M0038","Ref0560"
"M0039","Ref1517"
"M0040","Ref0829"
"M0041","Ref0665"
"M0042","Ref1008"
"M0043","Ref0783"
"M0044","Ref0490"
"M0045","Ref1603"
"M0046","Ref0617"
"M0046","Ref1511"
"M0047","Ref0959"
"M0048","Ref1577"
"M0049","Ref0927"
"M0050","Ref0942"
"M0050","Ref0955"
"M0051","Ref0927"
"M0052","Ref1478"
"M0053","Ref1552"
"M0054","Ref1365"
"M0055","Ref0856"
"M0055","Ref0857"
"M0056","Ref0648"
"M0057","Ref1300"
"M0058","Ref1383"
"M0059","Ref1477"
"M0060","Ref0712"
"M0061","Ref1608"
"M0062","Ref1017"
"M0063","Ref0961"
"M0064","Ref1603"
"M0065","Ref1603"
"M0066","Ref0714"
"M0067","Ref0953"
"M0068","Ref1603"
"M0069","Ref1595"
"M0070","Ref0936"
"M0071","Ref1269"
"M0072","Ref1540"
"M0073","Ref1524"
"M0074","Ref1259"
"M0075","Ref1534"
"M0076","Ref0689"
"M0077","Ref0840"
"M0078","Ref0689"
"M0079","Ref1533"
"M0080","Ref1316"
"M0081","Ref1531"
"M0082","Ref1531"
"M0083","Ref1201"
"M0083","Ref1588"
"M0084","Ref1279"
"M0085","Ref1272"
"M0085","Ref1606"
"M0086","Ref1198"
"M0087","Ref1278"
"M0088","Ref0853"
"M0088","Ref1277"
"M0089","Ref1559"
"M0090","Ref1559"
"M0091","Ref0858"
"M0092","Ref1457"
"M0093","Ref1012"
"M0094","Ref1512"
"M0095","Ref1611"
"M0096","Ref1203"
"M0097","Ref0468"
"M0098","Ref1094"
"M0099","Ref0698"
"M0100","Ref0584"
"M0101","Ref1291"
"M0102","Ref0893"
"M0103","Ref1512"
"M0104","Ref0829"
"M0104","Ref1403"
"M0105","Ref1267"
"M0106","Ref1251"
"M0107","Ref0791"
"M0108","Ref0793"
"M0109","Ref0829"
"M0109","Ref0839"
"M0110","Ref1402"
"M0110","Ref1622"
"M0111","Ref0667"
"M0112","Ref0829"
"M0113","Ref0816"
"M0114","Ref1243"
"M0116","Ref0880"
"M0116","Ref1032"
"M0117","Ref1605"
"M0118","Ref1603"
"M0119","Ref0493"
"M0120","Ref0988"
"M0121","Ref1009"
"M0122","Ref1009"
"M0123","Ref1603"
"M0124","Ref0844"
"M0125","Ref0509"
"M0126","Ref1364"
"M0127","Ref1514"
"M0127","Ref1623"
"M0128","Ref0877"
"M0129","Ref0877"
"M0130","Ref0877"
"M0131","Ref0704"
"M0131","Ref0774"
"M0132","Ref1035"
"M0133","Ref1535"
"M0134","Ref0638"
"M0135","Ref1002"
"M0136","Ref1014"
"M0137","Ref0585"
"M0138","Ref0829"
"M0139","Ref0829"
"M0140","Ref0598"
"M0141","Ref1273"
"M0142","Ref0961"
"M0143","Ref1615"
"M0144","Ref0677"
"M0145","Ref0830"
"M0146","Ref0829"
"M0147","Ref0829"
"M0147","Ref1521"
"M0148","Ref0829"
"M0148","Ref1506"
"M0149","Ref0829"
"M0149","Ref1066"
"M0150","Ref0829"
"M0150","Ref1066"
"M0151","Ref0829"
"M0152","Ref1489"
"M0153","Ref1411"
"M0154","Ref0829"
"M0155","Ref1368"
"M0156","Ref1532"
"M0157","Ref1037"
"M0157","Ref1039"
"M0158","Ref1532"
"M0159","Ref0573"
"M0160","Ref0923"
"M0161","Ref1016"
"M0162","Ref1614"
"M0163","Ref1480"
"M0164","Ref1042"
"M0164","Ref1514"
"M0165","Ref1480"
"M0166","Ref1041"
"M0167","Ref0779"
"M0167","Ref0829"
"M0167","Ref1512"
"M0168","Ref0829"
"M0169","Ref0829"
"M0170","Ref0829"
"M0171","Ref0829"
"M0172","Ref1378"
"M0173","Ref0829"
"M0174","Ref0487"
"M0175","Ref0489"
"M0176","Ref0489"
"M0177","Ref0829"
"M0177","Ref1066"
"M0178","Ref0829"
"M0179","Ref1496"
"M0180","Ref1456"
"M0181","Ref1555"
"M0182","Ref0936"
"M0183","Ref0936"
"M0184","Ref1595"
"M0185","Ref0936"
"M0186","Ref0936"
"M0187","Ref0936"
"M0188","Ref0588"
"M0189","Ref0936"
"M0190","Ref0599"
"M0191","Ref1408"
"M0191","Ref1412"
"M0192","Ref0829"
"M0193","Ref0829"
"M0194","Ref0691"
"M0194","Ref1512"
"M0195","Ref0688"
"M0196","Ref1514"
"M0197","Ref0627"
"M0198","Ref0817"
"M0198","Ref1514"
"M0199","Ref0829"
"M0200","Ref1288"
"M0201","Ref1213"
"M0202","Ref1213"
"M0203","Ref0829"
"M0204","Ref0829"
"M0204","Ref0893"
"M0205","Ref0829"
"M0205","Ref1511"
"M0206","Ref0829"
"M0206","Ref1511"
"M0207","Ref1624"
"M0208","Ref1027"
"M0209","Ref1273"
"M0210","Ref0700"
"M0211","Ref0932"
"M0212","Ref0932"
"M0212","Ref1340"
"M0213","Ref1011"
"M0214","Ref1278"
"M0215","Ref1206"
"M0216","Ref0829"
"M0217","Ref1367"
"M0218","Ref1512"
"M0219","Ref1373"
"M0220","Ref1372"
"M0221","Ref0788"
"M0222","Ref1571"
"M0223","Ref1262"
"M0224","Ref1295"
"M0225","Ref0829"
"M0226","Ref0829"
"M0227","Ref0829"
"M0228","Ref0829"
"M0229","Ref0829"
"M0230","Ref0931"
"M0231","Ref1376"
"M0231","Ref1512"
"M0232","Ref0829"
"M0233","Ref0829"
"M0234","Ref1497"
"M0235","Ref1437"
"M0236","Ref1424"
"M0236","Ref1446"
"M0237","Ref1446"
"M0238","Ref1446"
"M0239","Ref1446"
"M0240","Ref1446"
"M0241","Ref1447"
"M0242","Ref0829"
"M0243","Ref0829"
"M0244","Ref0829"
"M0245","Ref0829"
"M0245","Ref1509"
"M0246","Ref0829"
"M0247","Ref0829"
"M0248","Ref0829"
"M0249","Ref0829"
"M0250","Ref0829"
"M0250","Ref1512"
"M0251","Ref0671"
"M0252","Ref0664"
"M0253","Ref0829"
"M0254","Ref0829"
"M0255","Ref0829"
"M0256","Ref1512"
"M0257","Ref0829"
"M0258","Ref0829"
"M0259","Ref0829"
"M0260","Ref1466"
"M0261","Ref1464"
"M0262","Ref1464"
"M0263","Ref0627"
"M0264","Ref1456"
"M0265","Ref0840"
"M0266","Ref1438"
"M0267","Ref1438"
"M0268","Ref0967"
"M0269","Ref1353"
"M0270","Ref0760"
"M0271","Ref1284"
"M0272","Ref0043"
"M0272","Ref0984"
"M0273","Ref1114"
"M0274","Ref1117"
"M0275","Ref0472"
"M0276","Ref1156"
"M0277","Ref0636"
"M0278","Ref1145"
"M0279","Ref1051"
"M0279","Ref1147"
"M0280","Ref1149"
"M0281","Ref1435"
"M0282","Ref1090"
"M0283","Ref1076"
"M0283","Ref1080"
"M0283","Ref1084"
"M0284","Ref1077"
"M0285","Ref0705"
"M0285","Ref1421"
"M0286","Ref0484"
"M0287","Ref0639"
"M0288","Ref0639"
"M0289","Ref0639"
"M0290","Ref0639"
"M0291","Ref1068"
"M0292","Ref0639"
"M0293","Ref0981"
"M0294","Ref1140"
"M0295","Ref1085"
"M0296","Ref1048"
"M0297","Ref1405"
"M0298","Ref1150"
"M0299","Ref0726"
"M0300","Ref0591"
"M0300","Ref0773"
"M0300","Ref1081"
"M0300","Ref1088"
"M0302","Ref1603"
"M0303","Ref0969"
"M0304","Ref1278"
"M0305","Ref1432"
"M0306","Ref1431"
"M0307","Ref1047"
"M0307","Ref1416"
"M0308","Ref0523"
"M0309","Ref1439"
"M0310","Ref1036"
"M0311","Ref0918"
"M0312","Ref0475"
"M0313","Ref0938"
"M0315","Ref1143"
"M0316","Ref0676"
"M0317","Ref1124"
"M0318","Ref0170"
"M0318","Ref0872"
"M0319","Ref0687"
"M0320","Ref0829"
"M0320","Ref1514"
"M0321","Ref0591"
"M0322","Ref0591"
"M0322","Ref0649"
"M0323","Ref0591"
"M0323","Ref0650"
"M0324","Ref0627"
"M0325","Ref0627"
"M0326","Ref0829"
"M0327","Ref0777"
"M0327","Ref1487"
"M0328","Ref0829"
"M0329","Ref1212"
"M0330","Ref1514"
"M0331","Ref0455"
"M0332","Ref0580"
"M0333","Ref0829"
"M0334","Ref1514"
"M0335","Ref1577"
"M0336","Ref0972"
"M0336","Ref1514"
"M0337","Ref0967"
"M0338","Ref0973"
"M0339","Ref1332"
"M0340","Ref0829"
"M0340","Ref0840"
"M0341","Ref0829"
"M0342","Ref1406"
"M0343","Ref0853"
"M0343","Ref1197"
"M0344","Ref0574"
"M0345","Ref1148"
"M0346","Ref1118"
"M0347","Ref0674"
"M0348","Ref1440"
"M0349","Ref1440"
"M0350","Ref1650"
"M0351","Ref1448"
"M0352","Ref1297"
"M0352","Ref1514"
"M0353","Ref0564"
"M0354","Ref0913"
"M0355","Ref1255"
"M0356","Ref0897"
"M0357","Ref0907"
"M0358","Ref1255"
"M0359","Ref1116"
"M0360","Ref0829"
"M0361","Ref1514"
"M0362","Ref0623"
"M0362","Ref0776"
"M0363","Ref1592"
"M0364","Ref0956"
"M0365","Ref0829"
"M0366","Ref1605"
"M0367","Ref0681"
"M0368","Ref0848"
"M0368","Ref1102"
"M0369","Ref1593"
"M0370","Ref0945"
"M0371","Ref0945"
"M0372","Ref0943"
"M0373","Ref0761"
"M0373","Ref1514"
"M0374","Ref1105"
"M0375","Ref0829"
"M0376","Ref1375"
"M0377","Ref1577"
"M0378","Ref0829"
"M0379","Ref1131"
"M0380","Ref0989"
"M0380","Ref1602"
"M0381","Ref0929"
"M0382","Ref1400"
"M0383","Ref0829"
"M0384","Ref0829"
"M0385","Ref1597"
"M0386","Ref1602"
"M0387","Ref0666"
"M0387","Ref0699"
"M0387","Ref0701"
"M0388","Ref1520"
"M0389","Ref0692"
"M0390","Ref0829"
"M0391","Ref0829"
"M0392","Ref0516"
"M0392","Ref0594"
"M0393","Ref0819"
"M0393","Ref0889"
"M0394","Ref1163"
"M0395","Ref0588"
"M0396","Ref1576"
"M0397","Ref0993"
"M0398","Ref0829"
"M0399","Ref0829"
"M0400","Ref1398"
"M0401","Ref0829"
"M0401","Ref1514"
"M0402","Ref1490"
"M0403","Ref0829"
"M0404","Ref1588"
"M0405","Ref1588"
"M0406","Ref0707"
"M0407","Ref0642"
"M0408","Ref0829"
"M0409","Ref1301"
"M0410","Ref0587"
"M0411","Ref0993"
"M0412","Ref1397"
"M0413","Ref0829"
"M0414","Ref1098"
"M0415","Ref0848"
"M0416","Ref1451"
"M0417","Ref1451"
"M0418","Ref1451"
"M0419","Ref1597"
"M0420","Ref0848"
"M0421","Ref0829"
"M0422","Ref0829"
"M0422","Ref1629"
"M0423","Ref0692"
"M0424","Ref0478"
"M0424","Ref1514"
"M0425","Ref1305"
"M0426","Ref1132"
"M0427","Ref1531"
"M0428","Ref0639"
"M0429","Ref0639"
"M0430","Ref1604"
"M0431","Ref0458"
"M0432","Ref0553"
"M0433","Ref0947"
"M0434","Ref0919"
"M0435","Ref0958"
"M0436","Ref0954"
"M0437","Ref0926"
"M0437","Ref0954"
"M0438","Ref0926"
"M0438","Ref0954"
"M0439","Ref0843"
"M0439","Ref0926"
"M0440","Ref0784"
"M0441","Ref0782"
"M0441","Ref1588"
"M0442","Ref1440"
"M0443","Ref1439"
"M0444","Ref1430"
"M0445","Ref1440"
"M0446","Ref1440"
"M0447","Ref1440"
"M0448","Ref0490"
"M0449","Ref0490"
"M0450","Ref1605"
"M0451","Ref0490"
"M0452","Ref0490"
"M0453","Ref1354"
"M0454","Ref1356"
"M0455","Ref1588"
"M0456","Ref0960"
"M0457","Ref1605"
"M0458","Ref1385"
"M0459","Ref1026"
"M0460","Ref1303"
"M0461","Ref0945"
"M0462","Ref0945"
"M0463","Ref0911"
"M0463","Ref1514"
"M0464","Ref0685"
"M0465","Ref0873"
"M0466","Ref0848"
"M0468","Ref0490"
"M0469","Ref0490"
"M0470","Ref1528"
"M0471","Ref0980"
"M0472","Ref1425"
"M0473","Ref1607"
"M0474","Ref0829"
"M0475","Ref1142"
"M0476","Ref0591"
"M0477","Ref1418"
"M0478","Ref0591"
"M0479","Ref0829"
"M0480","Ref0829"
"M0481","Ref0829"
"M0482","Ref0829"
"M0483","Ref0456"
"M0484","Ref0700"
"M0485","Ref1296"
"M0486","Ref1345"
"M0487","Ref1627"
"M0488","Ref0543"
"M0489","Ref1164"
"M0489","Ref1209"
"M0490","Ref0454"
"M0491","Ref0588"
"M0492","Ref1515"
"M0493","Ref1572"
"M0494","Ref1302"
"M0495","Ref1024"
"M0496","Ref0855"
"M0497","Ref1344"
"M0498","Ref1325"
"M0499","Ref1370"
"M0500","Ref0717"
"M0501","Ref0539"
"M0502","Ref0848"
"M0503","Ref0904"
"M0504","Ref0829"
"M0505","Ref0844"
"M0506","Ref0492"
"M0507","Ref0829"
"M0508","Ref0829"
"M0509","Ref0829"
"M0510","Ref0829"
"M0511","Ref0600"
"M0512","Ref0829"
"M0513","Ref0545"
"M0514","Ref1018"
"M0515","Ref1204"
"M0515","Ref1514"
"M0516","Ref1594"
"M0517","Ref0841"
"M0518","Ref1108"
"M0519","Ref1601"
"M0520","Ref1577"
"M0521","Ref0829"
"M0522","Ref1494"
"M0522","Ref1500"
"M0523","Ref0829"
"M0523","Ref1514"
"M0524","Ref0829"
"M0525","Ref0829"
"M0526","Ref0829"
"M0527","Ref0829"
"M0528","Ref0781"
"M0529","Ref1096"
"M0530","Ref0486"
"M0531","Ref0639"
"M0532","Ref0829"
"M0532","Ref1514"
"M0532","Ref1523"
"M0533","Ref0829"
"M0534","Ref1471"
"M0536","Ref0627"
"M0537","Ref0627"
"M0538","Ref0464"
"M0538","Ref1550"
"M0538","Ref1634"
"M0539","Ref0627"
"M0540","Ref1306"
"M0541","Ref0479"
"M0542","Ref1605"
"M0543","Ref0669"
"M0543","Ref1510"
"M0544","Ref0829"
"M0545","Ref1613"
"M0546","Ref1246"
"M0547","Ref1246"
"M0548","Ref0893"
"M0549","Ref0829"
"M0550","Ref0758"
"M0551","Ref0847"
"M0551","Ref0976"
"M0552","Ref1052"
"M0553","Ref1070"
"M0554","Ref0917"
"M0554","Ref0925"
"M0555","Ref0829"
"M0556","Ref0829"
"M0557","Ref0844"
"M0558","Ref1278"
"M0559","Ref0651"
"M0560","Ref0515"
"M0561","Ref1205"
"M0562","Ref0829"
"M0563","Ref0829"
"M0564","Ref0829"
"M0565","Ref0829"
"M0566","Ref0829"
"M0567","Ref0829"
"M0568","Ref0829"
"M0569","Ref0986"
"M0570","Ref1472"
"M0571","Ref1457"
"M0572","Ref1326"
"M0573","Ref1568"
"M0574","Ref1270"
"M0575","Ref0844"
"M0576","Ref1272"
"M0576","Ref1487"
"M0577","Ref1603"
"M0578","Ref1514"
"M0579","Ref1244"
"M0580","Ref0566"
"M0580","Ref0849"
"M0581","Ref0848"
"M0582","Ref1577"
"M0583","Ref0775"
"M0584","Ref0627"
"M0585","Ref0627"
"M0586","Ref0627"
"M0587","Ref0627"
"M0588","Ref0464"
"M0588","Ref1550"
"M0588","Ref1634"
"M0589","Ref0627"
"M0590","Ref0627"
"M0591","Ref1392"
"M0592","Ref1577"
"M0593","Ref0715"
"M0594","Ref1528"
"M0595","Ref1569"
"M0596","Ref0518"
"M0597","Ref1314"
"M0597","Ref1317"
"M0598","Ref0686"
"M0599","Ref0618"
"M0600","Ref0567"
"M0601","Ref0618"
"M0602","Ref1536"
"M0603","Ref0692"
"M0604","Ref1321"
"M0605","Ref1298"
"M0606","Ref0512"
"M0607","Ref0845"
"M0609","Ref1577"
"M0610","Ref0653"
"M0611","Ref1514"
"M0612","Ref1514"
"M0613","Ref0480"
"M0614","Ref0843"
"M0614","Ref1000"
"M0615","Ref1278"
"M0616","Ref1556"
"M0617","Ref1152"
"M0618","Ref0765"
"M0619","Ref1386"
"M0620","Ref1384"
"M0621","Ref1152"
"M0622","Ref1456"
"M0623","Ref0960"
"M0624","Ref1115"
"M0625","Ref1264"
"M0626","Ref0829"
"M0627","Ref1488"
"M0627","Ref1514"
"M0628","Ref0929"
"M0629","Ref0829"
"M0629","Ref0893"
"M0630","Ref0829"
"M0631","Ref0784"
"M0632","Ref1260"
"M0633","Ref0875"
"M0634","Ref0655"
"M0635","Ref0548"
"M0636","Ref1003"
"M0637","Ref0510"
"M0638","Ref0977"
"M0639","Ref0723"
"M0640","Ref0723"
"M0641","Ref1603"
"M0642","Ref1200"
"M0642","Ref1603"
"M0643","Ref0944"
"M0644","Ref1603"
"M0645","Ref1603"
"M0646","Ref1605"
"M0647","Ref1603"
"M0648","Ref0953"
"M0648","Ref1600"
"M0649","Ref0829"
"M0650","Ref0659"
"M0651","Ref0829"
"M0652","Ref0658"
"M0652","Ref0660"
"M0652","Ref0829"
"M0652","Ref1513"
"M0653","Ref1596"
"M0654","Ref0844"
"M0655","Ref0587"
"M0656","Ref0546"
"M0657","Ref0587"
"M0658","Ref0848"
"M0659","Ref0756"
"M0660","Ref1612"
"M0661","Ref0922"
"M0662","Ref0999"
"M0662","Ref1603"
"M0663","Ref1609"
"M0664","Ref0829"
"M0665","Ref1409"
"M0666","Ref0488"
"M0667","Ref1389"
"M0668","Ref0829"
"M0669","Ref1481"
"M0670","Ref0618"
"M0671","Ref1308"
"M0671","Ref1315"
"M0671","Ref1320"
"M0672","Ref1318"
"M0673","Ref1537"
"M0674","Ref1558"
"M0675","Ref0997"
"M0676","Ref0777"
"M0676","Ref1514"
"M0677","Ref0519"
"M0678","Ref1499"
"M0679","Ref0997"
"M0680","Ref0997"
"M0681","Ref1514"
"M0682","Ref0829"
"M0682","Ref1625"
"M0683","Ref1165"
"M0683","Ref1294"
"M0684","Ref1343"
"M0685","Ref1348"
"M0686","Ref1348"
"M0687","Ref1349"
"M0687","Ref1486"
"M0688","Ref1603"
"M0689","Ref0490"
"M0690","Ref0490"
"M0691","Ref0490"
"M0692","Ref0490"
"M0693","Ref1324"
"M0694","Ref0829"
"M0694","Ref1628"
"M0695","Ref0829"
"M0696","Ref0549"
"M0696","Ref1514"
"M0697","Ref1366"
"M0698","Ref1603"
"M0699","Ref1016"
"M0700","Ref0937"
"M0701","Ref0829"
"M0701","Ref0840"
"M0702","Ref0829"
"M0703","Ref1514"
"M0704","Ref0829"
"M0705","Ref0829"
"M0706","Ref1463"
"M0707","Ref1399"
"M0708","Ref0785"
"M0708","Ref0829"
"M0709","Ref1549"
"M0710","Ref1548"
"M0711","Ref0551"
"M0712","Ref1576"
"M0713","Ref1033"
"M0714","Ref0510"
"M0715","Ref0618"
"M0717","Ref1276"
"M0718","Ref0618"
"M0719","Ref1304"
"M0720","Ref1371"
"M0721","Ref0618"
"M0722","Ref0618"
"M0723","Ref0618"
"M0724","Ref0721"
"M0725","Ref1526"
"M0726","Ref0905"
"M0726","Ref1516"
"M0727","Ref1404"
"M0728","Ref0535"
"M0728","Ref0861"
"M0729","Ref1292"
"M0730","Ref0835"
"M0731","Ref0457"
"M0732","Ref0591"
"M0733","Ref0591"
"M0734","Ref0930"
"M0735","Ref0538"
"M0736","Ref1196"
"M0737","Ref0852"
"M0738","Ref0581"
"M0739","Ref0544"
"M0740","Ref1514"
"M0741","Ref0829"
"M0742","Ref0893"
"M0743","Ref0825"
"M0744","Ref0829"
"M0746","Ref0829"
"M0747","Ref1278"
"M0748","Ref0490"
"M0748","Ref1602"
"M0748","Ref1605"
"M0749","Ref0829"
"M0750","Ref0829"
"M0751","Ref1420"
"M0752","Ref1429"
"M0753","Ref1434"
"M0754","Ref1434"
"M0755","Ref1434"
"M0756","Ref1434"
"M0757","Ref1342"
"M0758","Ref1419"
"M0759","Ref1434"
"M0760","Ref1577"
"M0761","Ref1463"
"M0762","Ref0879"
"M0763","Ref1261"
"M0764","Ref0933"
"M0765","Ref1278"
"M0766","Ref1603"
"M0767","Ref1022"
"M0768","Ref1252"
"M0769","Ref0559"
"M0770","Ref1472"
"M0771","Ref0562"
"M0772","Ref1450"
"M0773","Ref1449"
"M0773","Ref1557"
"M0774","Ref0559"
"M0775","Ref0829"
"M0775","Ref1545"
"M0775","Ref1546"
"M0776","Ref0577"
"M0777","Ref0473"
"M0778","Ref0792"
"M0779","Ref0466"
"M0779","Ref0839"
"M0780","Ref1342"
"M0781","Ref1258"
"M0782","Ref0490"
"M0783","Ref0490"
"M0784","Ref0490"
"M0785","Ref0490"
"M0786","Ref1577"
"M0787","Ref1311"
"M0788","Ref1311"
"M0789","Ref0900"
"M0789","Ref1649"
"M0790","Ref0909"
"M0790","Ref1522"
"M0791","Ref0762"
"M0792","Ref0829"
"M0793","Ref0829"
"M0794","Ref0829"
"M0794","Ref1484"
"M0794","Ref1514"
"M0794","Ref1553"
"M0795","Ref0829"
"M0795","Ref1651"
"M0796","Ref0829"
"M0797","Ref0829"
"M0798","Ref0829"
"M0798","Ref1514"
"M0799","Ref0829"
"M0800","Ref0829"
"M0801","Ref1652"
"M0802","Ref0829"
"M0802","Ref1514"
"M0803","Ref0829"
"M0804","Ref0829"
"M0805","Ref0848"
"M0806","Ref0844"
"M0807","Ref1006"
"M0808","Ref1247"
"M0809","Ref1616"
"M0810","Ref0498"
"M0812","Ref1215"
"M0812","Ref1514"
"M0813","Ref1617"
"M0814","Ref1004"
"M0815","Ref1603"
"M0816","Ref1015"
"M0817","Ref1603"
"M0818","Ref1023"
"M0820","Ref1254"
"M0824","Ref0992"
"M0825","Ref0896"
"M0826","Ref0895"
"M0827","Ref0903"
"M0828","Ref0897"
"M0829","Ref0696"
"M0830","Ref0829"
"M0831","Ref0829"
"M0832","Ref1573"
"M0833","Ref0644"
"M0833","Ref0829"
"M0834","Ref0829"
"M0835","Ref0829"
"M0836","Ref0829"
"M0836","Ref1514"
"M0837","Ref0912"
"M0838","Ref1465"
"M0840","Ref1161"
"M0841","Ref0497"
"M0842","Ref0946"
"M0843","Ref0929"
"M0844","Ref0844"
"M0845","Ref0510"
"M0846","Ref0467"
"M0846","Ref0839"
"M0846","Ref1285"
"M0847","Ref0465"
"M0847","Ref0839"
"M0848","Ref1162"
"M0849","Ref1277"
"M0849","Ref1514"
"M0850","Ref0476"
"M0851","Ref0848"
"M0852","Ref1162"
"M0853","Ref1162"
"M0854","Ref1162"
"M0855","Ref0780"
"M0856","Ref0476"
"M0857","Ref1161"
"M0858","Ref1338"
"M0859","Ref1577"
"M0860","Ref0464"
"M0860","Ref1550"
"M0860","Ref1634"
"M0861","Ref0462"
"M0862","Ref0829"
"M0863","Ref0662"
"M0864","Ref0829"
"M0865","Ref0829"
"M0866","Ref0829"
"M0866","Ref1504"
"M0867","Ref1514"
"M0868","Ref1507"
"M0869","Ref0829"
"M0869","Ref1514"
"M0870","Ref0697"
"M0871","Ref0787"
"M0871","Ref0789"
"M0872","Ref1450"
"M0873","Ref1328"
"M0874","Ref1337"
"M0874","Ref1450"
"M0874","Ref1486"
"M0875","Ref0890"
"M0876","Ref0789"
"M0877","Ref1250"
"M0878","Ref0915"
"M0879","Ref1464"
"M0880","Ref0829"
"M0881","Ref0829"
"M0882","Ref0829"
"M0883","Ref1518"
"M0884","Ref0829"
"M0885","Ref0829"
"M0886","Ref1610"
"M0887","Ref0829"
"M0888","Ref0829"
"M0889","Ref0829"
"M0890","Ref0829"
"M0890","Ref0829"
"M0890","Ref1482"
"M0890","Ref1513"
"M0891","Ref0829"
"M0891","Ref0849"
"M0892","Ref0829"
"M0893","Ref0640"
"M0894","Ref1577"
"M0895","Ref1476"
"M0896","Ref1137"
"M0896","Ref1452"
"M0897","Ref0875"
"M0898","Ref0875"
"M0900","Ref0829"
"M0901","Ref0829"
"M0902","Ref0829"
"M0903","Ref0829"
"M0904","Ref0829"
"M0905","Ref0848"
"M0905","Ref1363"
"M0906","Ref0482"
"M0907","Ref1160"
"M0908","Ref0820"
"M0908","Ref1268"
"M0909","Ref0828"
"M0909","Ref0829"
"M0910","Ref1459"
"M0911","Ref1459"
"M0912","Ref0514"
"M0913","Ref1377"
"M0914","Ref0829"
"M0915","Ref0836"
"M0916","Ref0829"
"M0917","Ref0829"
"M0918","Ref0708"
"M0918","Ref0711"
"M0919","Ref0709"
"M0920","Ref0510"
"M0921","Ref0713"
"M0922","Ref1146"
"M0923","Ref0829"
"M0924","Ref0829"
"M0925","Ref0829"
"M0925","Ref0839"
"M0926","Ref1407"
"M0927","Ref1407"
"M0928","Ref1086"
"M0929","Ref1423"
"M0930","Ref1208"
"M0931","Ref1208"
"M0932","Ref0829"
"M0933","Ref0829"
"M0934","Ref0839"
"M0935","Ref1215"
"M0935","Ref1514"
"M0936","Ref1161"
"M0937","Ref1161"
"M0938","Ref1249"
"M0939","Ref1299"
"M0940","Ref1559"
"M0941","Ref0699"
"M0942","Ref0537"
"M0943","Ref1072"
"M0944","Ref1073"
"M0944","Ref1089"
"M0945","Ref1415"
"M0946","Ref0859"
"M0946","Ref0860"
"M0947","Ref0978"
"M0948","Ref1101"
"M0949","Ref0504"
"M0950","Ref0501"
"M0951","Ref0502"
"M0952","Ref0591"
"M0953","Ref0969"
"M0954","Ref1347"
"M0955","Ref1531"
"M0956","Ref0044"
"M0957","Ref0844"
"M0958","Ref0045"
"M0959","Ref0829"
"M0960","Ref0929"
"M0961","Ref0929"
"M0962","Ref0949"
"M0962","Ref1514"
"M0963","Ref0929"
"M0965","Ref0829"
"M0965","Ref1521"
"M0966","Ref0829"
"M0969","Ref1603"
"M0970","Ref0829"
"M0971","Ref1135"
"M0971","Ref1603"
"M0972","Ref1129"
"M0973","Ref1357"
"M0974","Ref0606"
"M0974","Ref1330"
"M0975","Ref0829"
"M0975","Ref1514"
"M0976","Ref0603"
"M0977","Ref1521"
"M0978","Ref0661"
"M0978","Ref0829"
"M0978","Ref1491"
"M0978","Ref1498"
"M0979","Ref0657"
"M0979","Ref0829"
"M0980","Ref0829"
"M0981","Ref0829"
"M0982","Ref0829"
"M0983","Ref0486"
"M0984","Ref1109"
"M0985","Ref0844"
"M0986","Ref1106"
"M0987","Ref0829"
"M0988","Ref1290"
"M0989","Ref0767"
"M0990","Ref0510"
"M0991","Ref0510"
"M0992","Ref0586"
"M0993","Ref0693"
"M0994","Ref0839"
"M0995","Ref0694"
"M0996","Ref1477"
"M0997","Ref1575"
"M0998","Ref0491"
"M0998","Ref0494"
"M0999","Ref1577"
"M1000","Ref0829"
"M1001","Ref0829"
"M1002","Ref0829"
"M1003","Ref0829"
"M1004","Ref0829"
"M1005","Ref0829"
"M1006","Ref1514"
"M1007","Ref0829"
"M1008","Ref0829"
"M1009","Ref0507"
"M1010","Ref0790"
"M1011","Ref1603"
"M1012","Ref1514"
"M1013","Ref0679"
"M1014","Ref0846"
"M1014","Ref1266"
"M1015","Ref0934"
"M1016","Ref0829"
"M1017","Ref0829"
"M1018","Ref0829"
"M1019","Ref0950"
"M1020","Ref1091"
"M1021","Ref0829"
"M1022","Ref1355"
"M1023","Ref1514"
"M1024","Ref0646"
"M1025","Ref1278"
"M1026","Ref1271"
"M1027","Ref1358"
"M1028","Ref1286"
"M1029","Ref0763"
"M1030","Ref1514"
"M1031","Ref0829"
"M1032","Ref0876"
"M1033","Ref0570"
"M1033","Ref1352"
"M1033","Ref1514"
"M1034","Ref1577"
"M1035","Ref0898"
"M1036","Ref0839"
"M1037","Ref1256"
"M1038","Ref0911"
"M1039","Ref0829"
"M1040","Ref1528"
"M1041","Ref1265"
"M1041","Ref1487"
"M1042","Ref0680"
"M1043","Ref1514"
"M1044","Ref0652"
"M1045","Ref1577"
"M1046","Ref0490"
"M1047","Ref0928"
"M1047","Ref1603"
"M1048","Ref0490"
"M1049","Ref0485"
"M1050","Ref0928"
"M1050","Ref1603"
"M1051","Ref0524"
"M1051","Ref0829"
"M1052","Ref0829"
"M1053","Ref0829"
"M1054","Ref1603"
"M1055","Ref1603"
"M1056","Ref0829"
"M1057","Ref0900"
"M1057","Ref1649"
"M1058","Ref1013"
"M1059","Ref0928"
"M1060","Ref0881"
"M1061","Ref0881"
"M1062","Ref1310"
"M1063","Ref1310"
"M1064","Ref0481"
"M1065","Ref0477"
"M1065","Ref1045"
"M1066","Ref1559"
"M1067","Ref0712"
"M1067","Ref1309"
"M1068","Ref0829"
"M1069","Ref0829"
"M1069","Ref0837"
"M1070","Ref1323"
"M1071","Ref0604"
"M1071","Ref0605"
"M1072","Ref0983"
"M1073","Ref1046"
"M1074","Ref0673"
"M1075","Ref0719"
"M1077","Ref0591"
"M1078","Ref0511"
"M1079","Ref0720"
"M1080","Ref1151"
"M1081","Ref1493"
"M1082","Ref1514"
"M1083","Ref1514"
"M1084","Ref1547"
"M1085","Ref0595"
"M1085","Ref0829"
"M1086","Ref1591"
"M1087","Ref1551"
"M1088","Ref0829"
"M1089","Ref1242"
"M1090","Ref0829"
"M1091","Ref0829"
"M1092","Ref0829"
"M1093","Ref0668"
"M1094","Ref0842"
"M1095","Ref0540"
"M1096","Ref0829"
"M1097","Ref0596"
"M1098","Ref1410"
"M1099","Ref1074"
"M1099","Ref1087"
"M1100","Ref1414"
"M1101","Ref1333"
"M1102","Ref0829"
"M1103","Ref1514"
"M1104","Ref0829"
"M1105","Ref0703"
"M1106","Ref0823"
"M1107","Ref1492"
"M1107","Ref1514"
"M1108","Ref0761"
"M1108","Ref1514"
"M1109","Ref0829"
"M1110","Ref1157"
"M1110","Ref1158"
"M1111","Ref0554"
"M1112","Ref0928"
"M1113","Ref0957"
"M1114","Ref0951"
"M1115","Ref0948"
"M1116","Ref1265"
"M1116","Ref1487"
"M1117","Ref1538"
"M1118","Ref1495"
"M1119","Ref0829"
"M1120","Ref0829"
"M1121","Ref0718"
"M1121","Ref1417"
"M1122","Ref0979"
"M1123","Ref1503"
"M1124","Ref1503"
"M1124","Ref1514"
"M1125","Ref0829"
"M1126","Ref0829"
"M1126","Ref1360"
"M1127","Ref0829"
"M1128","Ref0490"
"M1128","Ref0928"
"M1129","Ref0490"
"M1130","Ref0486"
"M1131","Ref1603"
"M1132","Ref0626"
"M1133","Ref0624"
"M1133","Ref0625"
"M1135","Ref0829"
"M1136","Ref0931"
"M1137","Ref0561"
"M1137","Ref1514"
"M1138","Ref0829"
"M1139","Ref0591"
"M1140","Ref0539"
"M1141","Ref1307"
"M1142","Ref1574"
"M1143","Ref1529"
"M1144","Ref0971"
"M1145","Ref0508"
"M1146","Ref0561"
"M1146","Ref1485"
"M1146","Ref1513"
"M1147","Ref0578"
"M1148","Ref1603"
"M1149","Ref1485"
"M1149","Ref1513"
"M1150","Ref1441"
"M1151","Ref1441"
"M1152","Ref0591"
"M1153","Ref1441"
"M1154","Ref1514"
"M1155","Ref0995"
"M1156","Ref0996"
"M1157","Ref0921"
"M1158","Ref0757"
"M1159","Ref1603"
"M1160","Ref1605"
"M1161","Ref1359"
"M1162","Ref1110"
"M1162","Ref1514"
"M1162","Ref1519"
"M1163","Ref1113"
"M1164","Ref0998"
"M1165","Ref1560"
"M1166","Ref1577"
"M1168","Ref0829"
"M1169","Ref1130"
"M1170","Ref1287"
"M1171","Ref0963"
"M1172","Ref0829"
"M1173","Ref1388"
"M1174","Ref0844"
"M1175","Ref1460"
"M1176","Ref1470"
"M1177","Ref0829"
"M1178","Ref1332"
"M1179","Ref1019"
"M1180","Ref1474"
"M1181","Ref1514"
"M1182","Ref0496"
"M1182","Ref1282"
"M1183","Ref0829"
"M1184","Ref0829"
"M1185","Ref0829"
"M1186","Ref0829"
"M1187","Ref0829"
"M1187","Ref1329"
"M1187","Ref1502"
"M1188","Ref0464"
"M1188","Ref1550"
"M1188","Ref1634"
"M1189","Ref0461"
"M1190","Ref0464"
"M1190","Ref1550"
"M1190","Ref1634"
"M1191","Ref0627"
"M1193","Ref0459"
"M1194","Ref0463"
"M1194","Ref0647"
"M1195","Ref0627"
"M1196","Ref0464"
"M1196","Ref1550"
"M1196","Ref1634"
"M1197","Ref0627"
"M1198","Ref1483"
"M1198","Ref1514"
"M1199","Ref0755"
"M1199","Ref1331"
"M1200","Ref1514"
"M1201","Ref0641"
"M1202","Ref1514"
"M1203","Ref1514"
"M1204","Ref0880"
"M1204","Ref1032"
"M1205","Ref0880"
"M1205","Ref1032"
"M1206","Ref0929"
"M1207","Ref0618"
"M1208","Ref1427"
"M1209","Ref1426"
"M1210","Ref1562"
"M1211","Ref0521"
"M1212","Ref0591"
"M1213","Ref0591"
"M1214","Ref0878"
"M1214","Ref1467"
"M1215","Ref0908"
"M1216","Ref1025"
"M1217","Ref0839"
"M1218","Ref0954"
"M1219","Ref0954"
"M1220","Ref1387"
"M1221","Ref0589"
"M1222","Ref0829"
"M1222","Ref1514"
"M1223","Ref1125"
"M1224","Ref0960"
"M1225","Ref1603"
"M1226","Ref1543"
"M1227","Ref0692"
"M1228","Ref0901"
"M1229","Ref0672"
"M1229","Ref1514"
"M1230","Ref0829"
"M1231","Ref0829"
"M1232","Ref0829"
"M1233","Ref0829"
"M1234","Ref0829"
"M1234","Ref1505"
"M1235","Ref0829"
"M1236","Ref0829"
"M1237","Ref1515"
"M1238","Ref0829"
"M1239","Ref1603"
"M1240","Ref0486"
"M1241","Ref0486"
"M1242","Ref1107"
"M1243","Ref1577"
"M1244","Ref0829"
"M1244","Ref1626"
"M1245","Ref0838"
"M1246","Ref0829"
"M1247","Ref0829"
"M1248","Ref0829"
"M1249","Ref0824"
"M1250","Ref0829"
"M1251","Ref0829"
"M1252","Ref0829"
"M1253","Ref0460"
"M1254","Ref0464"
"M1254","Ref1550"
"M1254","Ref1634"
"M1255","Ref0829"
"M1256","Ref0829"
"M1257","Ref0664"
"M1258","Ref0699"
"M1259","Ref0829"
"M1260","Ref0829"
"M1261","Ref0829"
"M1262","Ref0829"
"M1263","Ref1577"
"M1264","Ref1248"
"M1265","Ref1458"
"M1266","Ref0839"
"M1267","Ref1577"
"M1268","Ref1390"
"M1269","Ref1391"
"M1270","Ref0684"
"M1271","Ref0829"
"M1272","Ref0597"
"M1272","Ref1513"
"M1273","Ref1144"
"M1274","Ref0829"
"M1275","Ref0829"
"M1276","Ref1139"
"M1276","Ref1442"
"M1277","Ref0622"
"M1278","Ref1266"
"M1279","Ref1561"
"M1280","Ref1559"
"M1281","Ref1559"
"M1282","Ref1559"
"M1283","Ref1559"
"M1284","Ref1559"
"M1285","Ref0557"
"M1286","Ref0853"
"M1287","Ref0844"
"M1288","Ref1396"
"M1289","Ref1273"
"M1289","Ref1589"
"M1290","Ref1199"
"M1290","Ref1487"
"M1291","Ref1469"
"M1292","Ref1525"
"M1293","Ref1136"
"M1294","Ref0522"
"M1294","Ref1514"
"M1295","Ref1207"
"M1296","Ref0639"
"M1297","Ref1362"
"M1298","Ref0695"
"M1299","Ref0607"
"M1300","Ref1577"
"M1301","Ref1374"
"M1302","Ref1514"
"M1303","Ref0682"
"M1304","Ref0475"
"M1305","Ref0935"
"M1306","Ref0839"
"M1307","Ref0586"
"M1308","Ref0541"
"M1309","Ref1514"
"M1310","Ref1590"
"M1311","Ref1531"
"M1312","Ref1603"
"M1313","Ref1603"
"M1314","Ref0829"
"M1315","Ref0829"
"M1315","Ref1263"
"M1316","Ref0829"
"M1317","Ref1214"
"M1318","Ref1214"
"M1319","Ref0906"
"M1320","Ref1071"
"M1321","Ref0844"
"M1322","Ref1346"
"M1323","Ref0929"
"M1324","Ref0929"
"M1325","Ref0952"
"M1326","Ref1020"
"M1327","Ref0759"
"M1328","Ref1455"
"M1329","Ref1577"
"M1330","Ref0724"
"M1331","Ref0893"
"M1331","Ref1514"
"M1332","Ref1401"
"M1333","Ref1577"
"M1334","Ref0510"
"M1335","Ref0839"
"M1336","Ref1274"
"M1337","Ref0851"
"M1337","Ref1273"
"M1338","Ref1210"
"M1339","Ref1394"
"M1340","Ref0994"
"M1341","Ref1293"
"M1342","Ref1422"
"M1342","Ref1514"
"M1343","Ref1312"
"M1344","Ref1322"
"M1345","Ref0829"
"M1346","Ref1104"
"M1347","Ref1034"
"M1348","Ref1104"
"M1349","Ref0829"
"M1350","Ref1577"
"M1351","Ref0829"
"M1352","Ref0829"
"M1352","Ref1514"
"M1353","Ref0555"
"M1354","Ref0818"
"M1355","Ref1257"
"M1356","Ref0911"
"M1357","Ref0831"
"M1358","Ref0710"
"M1360","Ref0844"
"M1361","Ref0829"
"M1362","Ref0829"
"M1363","Ref0829"
"M1364","Ref0490"
"M1364","Ref1095"
"M1364","Ref1602"
"M1365","Ref0486"
"M1366","Ref0486"
"M1367","Ref0829"
"M1368","Ref1010"
"M1369","Ref0576"
"M1370","Ref0829"
"M1371","Ref0899"
"M1371","Ref1598"
"M1372","Ref1099"
"M1373","Ref0565"
"M1374","Ref1256"
"M1375","Ref0510"
"M1376","Ref0474"
"M1377","Ref0965"
"M1378","Ref0965"
"M1379","Ref1069"
"M1380","Ref0683"
"M1380","Ref1577"
"M1381","Ref1211"
"M1382","Ref1577"
"M1383","Ref0784"
"M1384","Ref1514"
"M1385","Ref0829"
"M1386","Ref0829"
"M1387","Ref0829"
"M1388","Ref0829"
"M1389","Ref1393"
"M1390","Ref1395"
"M1391","Ref0962"
"M1392","Ref0970"
"M1393","Ref0643"
"M1394","Ref0601"
"M1395","Ref0829"
"M1395","Ref0893"
"M1395","Ref1653"
"M1396","Ref0821"
"M1397","Ref0893"
"M1397","Ref1514"
"M1399","Ref1083"
"M1400","Ref1075"
"M1400","Ref1078"
"M1400","Ref1079"
"M1401","Ref1082"
"M1402","Ref0505"
"M1403","Ref0829"
"M1404","Ref0829"
"M1405","Ref0569"
"M1405","Ref0829"
"M1406","Ref1514"
"M1407","Ref0829"
"M1408","Ref0829"
"M1409","Ref0829"
"M1410","Ref0829"
"M1410","Ref0850"
"M1411","Ref0569"
"M1411","Ref0582"
"M1412","Ref0568"
"M1412","Ref0582"
"M1412","Ref0829"
"M1413","Ref0829"
"M1414","Ref0597"
"M1415","Ref0829"
"M1416","Ref1133"
"M1417","Ref1573"
"M1418","Ref1514"
"M1419","Ref0829"
"M1420","Ref0954"
"M1421","Ref0853"
"M1422","Ref1067"
"M1422","Ref1514"
"M1423","Ref1588"
"M1423","Ref1599"
"M1424","Ref0495"
"M1425","Ref0770"
"M1426","Ref0770"
"M1427","Ref0770"
"M1428","Ref0770"
"M1429","Ref0770"
"M1430","Ref0902"
"M1430","Ref0910"
"M1430","Ref1514"
"M1431","Ref0513"
"M1432","Ref1253"
"M1433","Ref0542"
"M1433","Ref1577"
"M1434","Ref0563"
"M1435","Ref0563"
"M1436","Ref0829"
"M1437","Ref0822"
"M1438","Ref1514"
"M1438","Ref1567"
"M1439","Ref1043"
"M1440","Ref1043"
"M1441","Ref0987"
"M1442","Ref0784"
"M1443","Ref0784"
"M1444","Ref1539"
"M1445","Ref0486"
"M1446","Ref0829"
"M1446","Ref1327"
"M1447","Ref0829"
"M1448","Ref0486"
"M1449","Ref0486"
"M1450","Ref1278"
"M1451","Ref0579"
"M1452","Ref0829"
"M1452","Ref1514"
"M1453","Ref0964"
"M1454","Ref0927"
"M1455","Ref0829"
"M1455","Ref1409"
"M1457","Ref0960"
"M1458","Ref0571"
"M1459","Ref0994"
"M1460","Ref1005"
"M1461","Ref0994"
"M1462","Ref0994"
"M1463","Ref0654"
"M1464","Ref0829"
"M1464","Ref0849"
"M1465","Ref1473"
"M1466","Ref1514"
"M1467","Ref0854"
"M1467","Ref1468"
"M1468","Ref0829"
"M1469","Ref0829"
"M1470","Ref0829"
"M1471","Ref0829"
"M1472","Ref1112"
"M1473","Ref0920"
"M1474","Ref1577"
"M1475","Ref1134"
"M1476","Ref0464"
"M1476","Ref1550"
"M1476","Ref1634"
"M1477","Ref0670"
"M1477","Ref1508"
"M1478","Ref0829"
"M1478","Ref0849"
"M1479","Ref0839"
"M1480","Ref0486"
"M1481","Ref1501"
"M1482","Ref1044"
"M1483","Ref0829"
"M1484","Ref0829"
"M1485","Ref0829"
"M1486","Ref0618"
"M1487","Ref0550"
"M1488","Ref0656"
"M1489","Ref1605"
"M1490","Ref0945"
"M1491","Ref1159"
"M1492","Ref0966"
"M1492","Ref1514"
"M1493","Ref0968"
"M1494","Ref0968"
"M1495","Ref1339"
"M1495","Ref1514"
"M1496","Ref0490"
"M1497","Ref0486"
"M1497","Ref1097"
"M1498","Ref0486"
"M1499","Ref0829"
"M1499","Ref0849"
"M1500","Ref0772"
"M1501","Ref1443"
"M1502","Ref1443"
"M1503","Ref1443"
"M1504","Ref1565"
"M1505","Ref1444"
"M1505","Ref1445"
"M1506","Ref0678"
"M1507","Ref0982"
"M1508","Ref0725"
"M1508","Ref1138"
"M1509","Ref0506"
"M1510","Ref0506"
"M1511","Ref0637"
"M1511","Ref1141"
"M1512","Ref0556"
"M1513","Ref1313"
"M1514","Ref0829"
"M1515","Ref1514"
"M1516","Ref0829"
"M1517","Ref1111"
"M1518","Ref1341"
"M1519","Ref0764"
"M1520","Ref1456"
"M1521","Ref0645"
"M1521","Ref1456"
"M1523","Ref1194"
"M1524","Ref1570"
"M1525","Ref0536"
"M1526","Ref0874"
"M1527","Ref1021"
"M1528","Ref1603"
"M1529","Ref1283"
"M1530","Ref1040"
"M1531","Ref1379"
"M1532","Ref0916"
"M1533","Ref0829"
"M1534","Ref1381"
"M1535","Ref1380"
"M1536","Ref0675"
"M1537","Ref0722"
"M1538","Ref1544"
"M1539","Ref0503"
"M1540","Ref1577"
"M1541","Ref0778"
"M1542","Ref0575"
"M1543","Ref0575"
"M1544","Ref0572"
"M1545","Ref1038"
"M1545","Ref1514"
"M1546","Ref1351"
"M1546","Ref1514"
"M1547","Ref0583"
"M1548","Ref0768"
"M1548","Ref1514"
"M1549","Ref0769"
"M1550","Ref1514"
"M1551","Ref1152"
"M1551","Ref1554"
"M1552","Ref1514"
"M1553","Ref0591"
"M1554","Ref0590"
"M1554","Ref1514"
"M1555","Ref0591"
"M1556","Ref1289"
"M1557","Ref0690"
"M1557","Ref1514"
"M1558","Ref1100"
"M1559","Ref1382"
"M1560","Ref0829"
"M1561","Ref0829"
"M1562","Ref1520"
"M1563","Ref0990"
"M1564","Ref1560"
"M1565","Ref0991"
"M1566","Ref1001"
"M1567","Ref0829"
"M1568","Ref0829"
"M1569","Ref0829"
"M1570","Ref0829"
"M1571","Ref1514"
"M1572","Ref0829"
"M1573","Ref1413"
"M1574","Ref1361"
"M1575","Ref0618"
"M1576","Ref1319"
"M1577","Ref0826"
"M1578","Ref1514"
"M1579","Ref0829"
"M1580","Ref1514"
"M1581","Ref0829"
"M1581","Ref1241"
"M1582","Ref0829"
"M1583","Ref1245"
"M1584","Ref0558"
"M1585","Ref0558"
