"id","orig_id","site"
"B0001",NA,"Bačalky-"
"B0002","PD-JC-1300; ADC-15728","Bašnice-Potvrzník"
"B0003","PD-JC-1004","Bašnice-Potvrzník"
"B0004","P-1224-01250","Bašť-Nová Bašť"
"B0005","P-1224-01151","Běchovice-V panenkách"
"B0006","P-1224-01103; P-1224-01106","Běchovice-Nad vodárnou"
"B0007","P-1224-01096","Běchovice-Za homolí"
"B0008","P-1224-01157; ADC-12745","Běchovice-pískovna"
"B0009","SM-10006","Bělá u Turnova-Dvojitá brána"
"B0010","HK-1006; P-1322-00001; P-1322-00043","Benátky-Na Trubačce"
"B0011","ADC-15929; P-1322-00040","Benátky-"
"B0012",NA,"Benátky-Na oborách"
"B0013","P-1322-00044","Benátky-Za Březinou"
"B0014","P-1322-00153","Benátky-Na předních stáních"
"B0015",NA,"Bílskou u Hořic-"
"B0016",NA,"Blato-K Mikulovicím"
"B0017",NA,"Bohnice-U Šípků"
"B0018","AA1171","Bohnice-sídliště"
"B0019",NA,"Bohnice-Zámka"
"B0020","ADC-15236","Brandýs nad Labem-Královice"
"B0021","ADC-11394","Brandýs nad Labem-cihelna p. Kejmara"
"B0022","P-1224-01296","Brandýs nad Labem-Hrušov"
"B0023","ADC-10899","Brandýs nad Labem-mezi hřbitovy"
"B0024",NA,"Brandýs nad Labem-Sněženková ul."
"B0025","P-1224-01415","Brandýs nad Labem-U vodojemu"
"B0026","P-1313-01140","Brandýs nad Labem-Zápská"
"B0029","AN – 1023","Brázdim-Veliký Brádim"
"B0030",NA,"Brodce nad Jizerou-"
"B0031","P-1224-01586","Březiněves-Na Hlavní"
"B0032","P-0334-00270","Březno u Mladé Boleslavi-Pod vinicí"
"B0033","PD-JC-1019","Březovice-"
"B0034","PD-JC-1021","Březovice-Mezi řekami"
"B0035","ADC-15497","Břežany II-Na statku"
"B0036","PD-JC-1024","Bříšťany-Na Parkáně"
"B0037","PD-JC-1023","Bříšťany-"
"B0038","P-0334-00093","Bukvice-východní okraj obce"
"B0039","ADC-15524","Bylany u Českého Brodu-Klečky"
"B0040","ADC-30109","Bylany u Českého Brodu-Okrouhlík"
"B0041",NA,"Bylany u Kutné Hory-1"
"B0042",NA,"Bylany u Kutné Hory-2"
"B0043",NA,"Bylany u Kutné Hory-3"
"B0044",NA,"Bylany u Kutné Hory-4"
"B0045",NA,"Bylany u Kutné Hory-5"
"B0046",NA,"Bylany u Kutné Hory-Nade vsí"
"B0047","ADC-15172","Bystřice-V bahnech"
"B0048","ADC-06769","Bystřice-Nad Bahny"
"B0049",NA,"Cerekvice nad Bystřicí-Za Lužním mlýnem"
"B0050","P-1322-00063","Cerekvice nad Bystřicí-Na kozách"
"B0051","P-1431-00055","Cerekvice nad Loučnou-"
"B0052","DV8007; P-1431-00275","Cerekvice nad Loučnou-zemědělské družstvo"
"B0053","KO_OS_5001","Cerhenice-Za dráhou"
"B0054","P-1314-00132","Cernenice-Za oborou"
"B0055","P-1431-00275","Cerhenice-U cukrovaru"
"B0056",NA,"Církvice u Kutné Hory-Nad vsí"
"B0057","KH-MA-1103","Církvice u Kutné Hory-Cihelna"
"B0058",NA,"Černá za Bory-Žižín"
"B0059","ADC-11005","Čakovice-Kostelecká ul."
"B0060","ADC-11693","Čakovice-"
"B0061","P-1341-00425; P-1341-00414; P-1341-00416","Čáslav-Nový Čeplov"
"B0062","P-1341-00325","Čáslav-U hřbitova"
"B0063","P-1341-00178","Čáslav-Na skále"
"B0064","P-1341-00216; KH-MA-1156","Čáslav-Kalabousek"
"B0065","P-1341-00121","Čáslav-Staré město"
"B0066","KH-MA-1149","Čáslav-Ke Koudelovu"
"B0067","KH-MA-1154","Čáslav-Svornost"
"B0068","ADC-30119","Čáslav-Hrádek"
"B0069","ADC-15774; NA-JT-7207; NA-JT-7208; NA-JT-7209; NA-JT-7300","Čáslavky-"
"B0070","NA-JT-7304; NA-JT-7303","Čáslavky-cihelna"
"B0071","P-1313-00654","Čelákovice-J.A. Komenského"
"B0072","P-1313-01235; P-1313-01199","Čelákovice-V Rybníčkách"
"B0073","P-1313-00614","Čelákovice-býv. Švejdova cihelna"
"B0074","P-1313-00615","Čelákovice-S.K. Neumanna"
"B0075","AN – 1090","Čenkov-kamenolom"
"B0076","P-1322-00106; ADC-15889; ADC-15889; P-1322-00182","Černožice nad Labem-konzervárna"
"B0077","OS_HK_7044; P-1322-00366; ADC-15841; HK-1042; HK-1030; HK-1035","Černožice nad Labem-Gen. Svobody"
"B0078","HK-1040","Černožice nad Labem-Čáslavky"
"B0079","HK-1034","Černožice nad Labem-železnice"
"B0080",NA,"Černý Most-jižně od Chlumecké ul."
"B0081","ADC-16488","Červené Pečky-Parkán"
"B0082","JV-1031","Červené Pečky-U nádraží"
"B0083","ADC-16480","Červené Pečky-U panského ovčína"
"B0084","ADC-15516","Český Brod-K Dolankám"
"B0085",NA,"Český Brod-Klímova cihelna"
"B0086","ADC-30143","Češov-Češovské valy"
"B0087","P-1322-00163","Číbuz-"
"B0088","AN/NB – 1007","Čilec-Pískovna J. Kozla"
"B0089","xy-1129","Čimice-Žalovská ul."
"B0090","HK-1044","Čistěves-"
"B0091","P-1322-00098; ADC-15925","Čistěves-U německého rybníka"
"B0092","P-1312-00174","Dětenice-bioplynová stanice"
"B0093","P-0334-00137; ADC-30175","Dneboh-Hrada"
"B0094","ML-1198","Dobrovice-Losky"
"B0095",NA,"Dobřenice-"
"B0096",NA,"Dobřenice-intravilán"
"B0097",NA,"Dobřichov-Pod Třebickou"
"B0098","P-1322-00238; P-1322-00237","Dohalice-Dohaličky"
"B0099","P-1332-00027","Dolany u Červených Peček-závlaha"
"B0100","ADC-16512","Dolany u Červených Peček-"
"B0101","ADC-16511, P-1332-00028","Dolany u Červených Peček-"
"B0102","JV-1072","Dolany u Červených Peček-Malá Vysoká"
"B0104","NA-JT-7058","Dolany u Jaroměře-u osady Sebuč"
"B0105","ADC-15892","Dolany u Jaroměře-Nad silnicí"
"B0106","ADC-16026","Dolany u Pardubic-Břeština"
"B0107","P-1242-00423","Dolní Břežany-K Hradišťátku"
"B0108","P-1242-00081; P-1242-00024","Dolní Břežany-Kamínek"
"B0109","P-1242-00022; P-1242-00020; P-1242-00018; P-1242-00010; P-1242-00014","Dolní Břežany-K Hodkovicům"
"B0110","P-1242-00008; PZ1015","Dolní Břežany-U struh"
"B0111","P-1242-00338","Dolní Jirčany-Nad školkou"
"B0112","ADC-31095; P-1224-00019","Dolní Počernice-Na vinici"
"B0113","P-1224-01574","Dolní Chabry-Do rybníčků"
"B0114","AA1185","Dolní Chabry-Cihelna pana Malinskeho"
"B0115","PD-JC-1056; PD-JC-1057","Doubrava-Svatogothardská Lhota"
"B0116",NA,"Drobovice-křižovníci"
"B0117",NA,"Dřenice"
"B0118","ADC-11316","Dřevčice u Brandýsa nad Labem-"
"B0119","P-1224-00546; P-1224-00547","Dřevčice u Brandýsa nad Labem-Na čtrnácti"
"B0120","ADC-11332; ADC-12166","Dřevčice u Brandýsa nad Labem-Na paterých"
"B0121","ADC-11360; AN – 1118","Dřevčice u Brandýsa nad Labem-Za zvonicí"
"B0122","ADC-09830","Dřínov-Na provázku"
"B0123","DN-1018","Dušníky nad Vltavou-Na špalkách"
"B0124",NA,"Dvory u Nymburka-u potoka Liduška"
"B0125","P-1224-00205; ADC-11001","Ďáblice-Řepná ul."
"B0126",NA,"Ďáblice-K Letňanům"
"B0127","ADC-11612; ADC-11632; ADC-11628","Ďáblice-Legionářů"
"B0128","P-1224-00972","Ďáblice-Nové Ďáblice"
"B0129","P-1224-00275","Ďáblice-křižovatka Cínovecká-Kostelecká"
"B0130",NA,"Habřina-Prašivka"
"B0131","P-1331-00032","Hlaváčova Lhota-u dvora Broučkov"
"B0132","P-1332-00072","Hlízov-Močidla"
"B0133","ADC-16245","Hlízov-"
"B0134","P-1224-01453; P-1224-01361","Hloubětín-Nepelova"
"B0135","AA1245","Hloubětín-"
"B0136","P-1321-00067","Hlušičky-U Bydžovského"
"B0137",NA,"Hnanice pod Troskami-Těhníkova skála"
"B0138","P-1322-00140","Hněvčeves-Pod kostelem"
"B0139","P-1322-00142","Hněčeves-nádraží"
"B0140","P-1322-00100","Hněvčeves-U březiny"
"B0141","P-1322-00147; HK-7074","Hněčeves-"
"B0142","OS_JC_77003; P-0334-00042","Holín-Jandice"
"B0143",NA,"Holohlavy"
"B0144","P-1322-00105; P-1322-00002","Holohlavy-severně od obce"
"B0145","P-1322-00190","Holohlavy_Na rozcestí"
"B0146","P-1322-00086","Holohlavy_teplárna"
"B0147","P-0334-00032","Horní Bousov-U výkrmny kachen"
"B0148","NA-JT-1211; NA-JT-5138; NA-JT-7096; NA-JT-1210","Horní Dolce-U kapličky"
"B0149","NA-JT-1209; NA-JT-7095","Horní Dolce-"
"B0150","ADC-06767","Horní Lochov-"
"B0151",NA,"Horní Lochov-"
"B0153","ADC-14538","Horní Měcholupy-Na Vartě"
"B0154","P-1224-01065","Horní Počernice-Na chvalce"
"B0155","XX-1079; P-1224-01046","Horní Počernice-Na tarase"
"B0156",NA,"Horní Sloupnice"
"B0157","ML-1224","Horní Stakory-U bažantnice"
"B0158","P-1341-00032","Horušice-Duna"
"B0159","P-1332-00038; ADC-16518","Hořany u Kutné Hory-"
"B0160","ADC-15535","Hořany u Poříčan-"
"B0161","P-1322-00119","Hořenice"
"B0162","NA-JT-1213; ADC-15890","Hořenice-U pískoviště"
"B0163","AN – 1031","Hoštice u Vodochod-Březí"
"B0164","AN – 1032","Hoštice u Vodochod-Na rovišťatech"
"B0165","AN - 1030","Hoštice u Vodochod-Na rovišťatech"
"B0166","AA7004","Hostivař-K jezeru"
"B0167","AA5002; AA1011","Hostivař-stará Hostivař"
"B0168",NA,"Hostivař-býv. pískovna"
"B0169","P-1324-00222; P-1324-00191; P-1324-00111; P-1324-00034; P-1324-00077; HK-1095;","Hradec Králové-centrum"
"B0170",NA,"Hrubá Skála-Hlavatá skála"
"B0171","AN – 1036","Husinec u Řeže-"
"B0172","NA-JT-7067; NA-JT-7066","Hustířany-Velká Hradečnice"
"B0173","NA-JT-1120","Hustířany-Na Merklovém"
"B0174","NA-JT-5085","Hustířany-Na provázcích"
"B0175","OT-7006","Hvězda-"
"B0176","P-1314-00227","Chleby-U Havranska"
"B0177",NA,"Chloumek-Na hrádku"
"B0178","ADC-30407","Chloumek-Švédské šance"
"B0179","DN-1032","Chlumín-Na dymáku"
"B0180","P-1322-00176","Chlum u Hradce Králové-Na vrších"
"B0181",NA,"Chotouchov-zahrada p. Horáka"
"B0182",NA,"Chotýš"
"B0183","P-1331-00013","Chotýš-nad úvozovou cestou"
"B0184",NA,"Chrast-K Chrašicícm"
"B0185",NA,"Chrast"
"B0186","P-1313-01146","Chrášťany u Českého Brodu-bioplynová stanice"
"B0187","P-1342-00412","Chrudim-Nad železniční zastávkou"
"B0188","P-1342-00131","Chrudim-Olbrachtova ul"
"B0189","P-1342-00448","Chrudim-Píšťovy"
"B0191","P-1342-00220; P-1342-00219; ADC-17202; P-1342-00146; OS_CR_77012; ADC-17198","Chrudim-Pod požární zbrojnicí"
"B0192","OS_CR_11008; P-1342-00133; ADC-30431","Chrudim-Pumberky"
"B0193","P-1342-00293; ADC-17178; P-1342-00149","Chrudim-Staré město"
"B0194","ADC-17308","Chrudim-U kostela Sv. Kříže"
"B0195","ADC-17157","Chrudim-Wiesnerova továrna"
"B0196",NA,"Chudonice-"
"B0197",NA,"Chyjice-V lohovicích"
"B0198","P-1323-00039; P-1323-00032","Chýšť-Vražednice"
"B0199","P-1341-00075","Jakub-K Novému rybníku"
"B0200","NA-JT-7319","Jaroměř-Dolní dolce"
"B0201","P-1322-00385; NA-JT-5144; NA-JT-7308; NA-JT-7307; NA-JT-7305; NA-JT-7306","Jaroměř-Dolní Dolce-Zavadilka"
"B0202","ADC-15796; NA-JT-1261; P-1322-00036","Jaroměř-Na cihelnách"
"B0203","NA-JT-1279","Jaroměř-Na Vinicích"
"B0204","AN – 7010; P-1224-00503; ADC-11236; ADC-12163","Jenštejn-Na vartě"
"B0205","ADC-11251; ADC-11261","Jenštejn-Na Stráni"
"B0206","P-1224-00031; ADC-11228; ADC-12161","Jenštejn-"
"B0207","PD-JC-1101","Jeřice-V Motsečkách"
"B0208","PD-JC-7004","Jeřice-U studánky"
"B0209","P-0343-00036","Jičín-nemocnice"
"B0210","P-1313-00951","Jirny-Na Kaštance"
"B0211","ADC-10093","Jiřice u Kostelce nad Labem-"
"B0213","P-0343-00038; P-0343-00039","Kbelnice-Horka"
"B0214",NA,"Kbelnice-úvoz k Bílému mlýnu"
"B0215","ADC-11721; P-1224-00954; ADC-11717; ADC-11725; ADC-11730","Kbely-cihelna"
"B0216","AA1496","Kbely-"
"B0217","P-1224-01221; ADC-11713; ADC-11718","Kbely-ZŠ Albrechtická"
"B0218","P-1224-01401; P-1224-01408","Klecany-Na hradišti"
"B0219","P-1224-01251","Klecany-zámecká zahrada"
"B0220","AN – 1047","Klecany-Na skalkách"
"B0221",NA,"Klučov u Českého Brodu-Na ptáčku"
"B0222",NA,"Klučov u Českého Brodu-"
"B0223",NA,"Kobylisy-Kobyliské nám."
"B0224","AA1479","Kobylisy-U Ženíškovy cihelny"
"B0225",NA,"Kojice-Za domkem"
"B0226",NA,"Kolín-Ve vrbičkách"
"B0227",NA,"Kolín-Šťáralka"
"B0228",NA,"Kolín-Lučební závody Draslovka"
"B0229","P-1332-00066; ADC-16501","Kolín-Plynárenská"
"B0230","ADC-16476","Kolín-Syntezia"
"B0231","JV-1196","Kolín-U zálabské Prachárny"
"B0232",NA,"Kolín VII"
"B0233","P-0343-00233","Konecchlumí-U dubu"
"B0234","OS_JC_1076","Kopidlno-ČOV"
"B0235","DV8021","Kornice-Hlavňov"
"B0236","P-0333-00082","Kosmonosy-"
"B0237","ADC-10114","Kostelec nad Labem-Blatenská"
"B0238","ADC-10106","Kostelec nad Labem-cukrovar"
"B0239","ADC-10147","Kostelec nad Labem-Na pískách"
"B0240","P-1413-00027; P-1413-00029","Kostelec nad Orlicí-Hálkova ul."
"B0241","ADC-30562","Kounice-Na Skále"
"B0242","P-1331-00145","Kouřim-Molitirov"
"B0243","ADC-16151","Kouřim-U cukrovaru"
"B0244","ADC-30568","Kouřim-Stará Kouřim"
"B0245","JV-1217","Kouřim-V Dolnici"
"B0246","ADC-16148","Kouřim-U svatého Jiří"
"B0247",NA,"Kovanice-intravilán"
"B0248","P-1323-00049; P-1323-00062;","Kratonohy-Požárský"
"B0249",NA,"Krč-Společenská zahrada"
"B0250","P-1312-00004","Křinec-Za mostem"
"B0251","P-1341-00333","Krchleby u Čáslavi-Na Lomenici"
"B0252","P-1331-00015","Krupá u Kostelce nad Černými Lesy-Syneč"
"B0253","P-1331-00017","Krupá u Kostelce nad Černými Lesy-V roklích"
"B0254","P-1331-00018","Krupá u Kostelce nad Černými Lesy-Měchejřík"
"B0255","P-1242-00408","Křeslice-U Fantova mlýna"
"B0256","P-1313-00120","Kšely-"
"B0257","JV-1237","Kšely-"
"B0258","JV-1240","Kšely-Za humny"
"B0259","ADC-16125","Kšely-stavba kravínů"
"B0260","JV-1234","Kšely-V červenkách"
"B0261","ADC-16123","Kšely-dům č.p.7"
"B0262","HK-1129","Kukleny-škola"
"B0264",NA,"Kunratice-Nový hrad"
"B0265","KH-MA-1132","Kutná Hora-Cimburk"
"B0266","P-1332-00575","Kutná Hora-Karlov"
"B0267","P-1332-00581","Kutná Hora-Školní ul."
"B0268","ADC-30637","Kutná Hora-Dänemark"
"B0269","P-1332-00216","Kutná Hora-Stará cihelna"
"B0270","P-1313-00871","Květnice-Za mlýnem"
"B0271","P-1313-00967","Květnice-Bedrníková ul."
"B0272",NA,"Květnice-Na Ladech"
"B0273","P-1342-00433","Lány u Bylan-Mezi mlýny"
"B0274","P-1342-00435","Lány u Bylan-"
"B0275","P-1324-00303","Lázně Bohdaneč-Na kozlíčku"
"B0276","P-1324-00005","Lázně Bohdaneč-Dobrá"
"B0277","P-1313-00926","Lázně Toušeň-Nad tratí"
"B0278","ADC-15388; ADC-15389; P-1312-00099","Lázně Toušeň-Na hradisku"
"B0279","P-1313-00537","Lázně Toušeň-Jandova cihelna"
"B0280","P-1224-01534","Letňany-Beranových"
"B0281","XLS-1121","Lhota u Dolních Břežan- dům č. 46"
"B0282","P-1242-00167","Lhota u Dolních Břežan-Hradiště"
"B0283","DUPL_OS_5004; P-1312-00101; P-1312-00067; P-1312-00008","Libáň-"
"B0284","P-1312-00025; P-1312-00026","Libáň-"
"B0285","P-1324-00037","Libčany-"
"B0286","HK-1137; HK-1136","Libčany-intravilán"
"B0287","AA1211","Libeň-Libušák"
"B0288","AA1221","Libeň-Na Košince"
"B0289",NA,"Libeň-Okrouhlík"
"B0290","AA1225","Libeň-Balabenka"
"B0291","AA1217","Libeň-Na Žertvách"
"B0292","P-1332-00319;P-1332-00369;","Libenice-Velký kus"
"B0293",NA,"Líbeznice-obchvat"
"B0294","P-1222-00050","Libiš-"
"B0295","ADC-09862","Libiš-"
"B0296","P-1324-00275; P-1324-00313; P-1324-00274; P-1324-00238; P-1324-00240; P-1324-00239; P-1324-00245; P-1324-00211; P-1324-00217; P-1324-00216; P-1324-00210; P-1324-00171; ADC-15994","Libišany-"
"B0297","PB-1196","Libišany-Na bahnech"
"B0298","PB-1194","Libišany-"
"B0299","P-1324-00173; P-1324-00083; P-1324-00129; P-1324-00128","Libišany-Na nivách"
"B0300","P-0334-00274","Libošovice-"
"B0301","P-1313-00212","Limuzy-"
"B0302","RK-7054","Lípa nad Orlicí-Písník k Rašovicím"
"B0303",NA,"Litíč-Za kravínem"
"B0304","P-1322-00075","Litíč-"
"B0305","OT-7017","Litíč-K Vestci"
"B0306","P-1322-00102","Lochenice_cihelna"
"B0307",NA,"Lochenice-V polích"
"B0308","ADC-15876","Lochenice_rozšiřování trati"
"B0309","ADC-15877; ADC-15877;","Lochenice-Za humny k Předměřicícm"
"B0310",NA,"Lochenice-intravilán"
"B0311","P-1322-00386; P-1322-00255; HK-7024; ADC-15932","Lochenice-Na šancích"
"B0312",NA,"Lochenice-SV okraj obce"
"B0313","HK-1151","Lochenice-"
"B0314","P-1322-00088","Lochenice-"
"B0316",NA,"Loučeň-"
"B0317","P-1332-00397","Malín-u vepřína"
"B0318","JV-1267","Malotice-Za zahradami"
"B0319",NA,"Máslojedy"
"B0320","P-1322-00171","Máslojedy"
"B0321","P-1224-01004; AN – 1058","Máslovice-Na dole"
"B0322",NA,"Mašov u Turnova-Valdštejnsko"
"B0323","AN/NB – 1134","Mcely-Na Kamenci"
"B0324","P-1411-00037","Mělčany u Dobrušky-Chlum"
"B0325",NA,"Měšice u Prahy-"
"B0326",NA,"Michle- pískovna"
"B0327",NA,"Mikulovice u Pardubic"
"B0328","P-1342-00387","Mikulovice u Pardubic-ul.V loučkách"
"B0329","PB-1195","Mikulovice u Pardubic-Kašparova cihelna"
"B0330","P-1321-00301","Milíčeves-Zámecká zahrada"
"B0331","P-1321-00180","Milíčeves-intravilán"
"B0332","ADC-15744; P-1321-00048","Milovice u Hořic-Nad vorlem"
"B0333","P-0333-00041","Mladá Boleslav-Jičínská ul."
"B0334","P-0333-00122","Mladá Boleslav-u Dolanského statku"
"B0335","P-0333-00016; P-0333-00024","Mladá Boleslav-Staroměstské nám."
"B0336",NA,"Mlékovice-zaharada p. Novotného"
"B0337","P-0333-00044","Mnichovo Hradiště-Nad maliním"
"B0338",NA,"Močovice-U studánky"
"B0339","KH-MA-1043","Močovice-První Lochovsko"
"B0340","KH-MA-1042","Močovice-Na trnince"
"B0341","P-1341-00005","Močovice-Na kopě"
"B0342",NA,"Modřany-K vystrkovu"
"B0343","AA1070","Modřany-Andělova ul."
"B0344","P-1313-00070; ADC-15452","Mochov-Na Nehvizdku"
"B0345","P-1313-00488","Mochov-Nad domkem"
"B0346","P-1313-00486","Mochov-obecní pískovna u Obory"
"B0347","P-1224-01393","Mratín-Nový Mratín"
"B0348","P-1313-00055; P-1313-00714; ADC-15505","Mrzky-Nad vsí"
"B0349","JV-1269","Mrzky-U kamenného kříže"
"B0351","P-0334-00343","Nadslav-Na vrších"
"B0352","NA-JT-1156","Nahořany nad Metují-"
"B0353","ADC-16508; ADC-16503","Nebovidy-Zádušní pole"
"B0354",NA,"Nebovidy-"
"B0355","ADC-09871","Neratovice-Spolana"
"B0356","P-1321-00154","Nevratice-Na Zádušníku"
"B0357","NA-JT-7070","Neznášov"
"B0358","ADC-15780","Neznášov"
"B0359","ADC-16467","Nová Ves I-Ohrada"
"B0360",NA,"Nová Ves I-S od obce pri polni ceste k Labi"
"B0361","ADC-15706","Nová Ves I-zahrada domu č.p. 25"
"B0362","ADC-15705","Nová Ves I-obecní hliník"
"B0363","P-1332-00233","Nové Dvory u Kutné Hory-V bojišti"
"B0364","P-1332-00044","Nové Dvory u Kutné Hory-V prostředních lukách"
"B0365",NA,"Nový Bydžov-severní úpatí Chlumu"
"B0366","P-1321-00068","Nový Bydžov-Schnablova cihelna"
"B0367","P-1321-00204","Nový Bydžov-Mlýniště"
"B0368","P-1314-00337; P-1314-00265; P-1314-00267; AN/NB – 5002; P-1314-00037; AN/NB – 1164; AN/NB – 1372","Nymburk-Kostelní nám."
"B0369",NA,"Nymburk-"
"B0370","P-1314-00205","Nymburk-Velké valy"
"B0371","AN/NB – 1158","Nymburk- seřazovací nádraží"
"B0372",NA,"Obruby-"
"B0373","P-1222-00293","Obříství-U Talicha"
"B0374","P-1222-00034","Obříství-Svatopluka Čecha"
"B0375",NA,"Obříství-Na Tarase"
"B0376","AN – 1173","Odolena Voda-Velký háj"
"B0377","PD-JC-1153","Ohaveč-"
"B0378","P-1242-00121","Ohrobec-Nad Úvozem"
"B0379","ML-1180","Olšina-Kurovodice"
"B0381",NA,"Opatovice nad Labem-V Dílcích"
"B0382","ADC-30945","Opolánky-Staré Badry"
"B0383",NA,"Osnice-U Herinku"
"B0384","ADC-14781; P-1242-00033; ADC-14782","Osnice-Na Vrbici"
"B0385","P-1321-00187; P-1321-00160; P-1321-00138","Ostroměř-Starohorská ul."
"B0386","P-1321-00019","Ostrov v Podkrkonoší"
"B0387","P-1321-00027","Ostrov v Podkrkonoší-Pod kazatelnou"
"B0388","PB-1077","Pardubice-V úzkém"
"B0389",NA,"Pašinka-U hřiště"
"B0390","JV-1281","Pašinka-Na stráních"
"B0391","P-1332-00151","Perštejnec"
"B0392","OS_P0_77007; P-1242-00061; P-1242-00062","Petrovice-Dobrá Voda"
"B0393",NA,"Pitkovice-Nové Pitkovice"
"B0394","JV-1283","Plaňany-U cukrovaru"
"B0395","JV-1284","Plaňany-Na skřipci"
"B0396",NA,"Plaňany-Na melounici"
"B0397",NA,"Plaňany-V lukách"
"B0398",NA,"Plotiště nad Labem_mezi Součkovou a výzkumem"
"B0399",NA,"Plácky-písečník_Marela"
"B0400",NA,"Plotiště nad Labem_rondel"
"B0401",NA,"Plácky-šutrovník-Holecká"
"B0402",NA,"Plotiště nad Labem_za hospodářskými budovami"
"B0403",NA,"Plácky-U zabitého"
"B0404",NA,"Plotiště nad Labem-Plácky_Kydlinov"
"B0405",NA,"Plotiště nad Labem-Součkova cihelna"
"B0406",NA,"Plotiště nad Labem-Vozelnikův mlýn"
"B0407",NA,"Plotiště nad Labem-U předměřické cihelny"
"B0408",NA,"Pňov-Kobylnice"
"B0409","AN/NB – 1217","Pňov-Doubice"
"B0410","ADC-16216","Poboří-"
"B0411","JV-1293","Poboří-"
"B0412",NA,"Podhradí-Veliš"
"B0413","PD-JC-1324","Podkost-Velký Poráň"
"B0414","ADC-16494","Polepy u Kolína-"
"B0415","ADC-16489","Polepy u Kolína-"
"B0416","KH-MA-1049","Poličany-"
"B0417","ADC-15534; P-1313-00034","Poříčany-pískovna Černá obora"
"B0418","P-1313-00009","Poříčany-V rolcích"
"B0419",NA,"Poříčany-Na seňarku"
"B0420","P-1222-00222; P-1222-00237","Postřižín-ul. Pod Topolákem"
"B0421","P-1324-00127","Praskačka-Na pískách"
"B0422","P-1323-00043","Pravy-Za humny"
"B0423","P-1324-00143","Pražské Předměstí-Hořická ul."
"B0424",NA,"Přebozy-u dvora"
"B0425",NA,"Předmeřice nad Labem-písečník V. Petra"
"B0426","P-1322-00110; P-1322-00109; ADC-15880; HK-7056; P-1322-00109; HK-1223; ADC-15875","Předměřice nad Labem-U zahrad"
"B0427","HK-1228","Předměřice nad Labem-pískovna u nádraží"
"B0428","HK-1222","Předměřice nad Labem-Za drůbežárnou"
"B0429","HK-5012","Předměřice nad Labem-cihelna cukrovaru"
"B0430","HK-7058; ADC-15872; HK-1221","Předměřice nad Labem-Honkeho cihelna"
"B0431","HK-7057","Předměřice nad Labem-Slavoj"
"B0432","P-1224-01402","Přemyšlení-Na Brnky"
"B0433","AN – 7003","Přemyšlení-U Cihelny"
"B0434","AN – 1021","Přemyšlení-Veltěžská"
"B0435","AN/NB – 1256","Přerov nad Labem-"
"B0436",NA,"Přistoupim-"
"B0437","ADC-15486","Přišimasy-kravín"
"B0438",NA,"Přišimasy-S okraj obce"
"B0439","JV-1301","Pučery-Panské pole"
"B0440","P-1411-00028","Pulice-Poříčí"
"B0441","HK-1198","Račice nad Trotinou-Záložnice"
"B0442","HK-1199","Račice nad Trotinou-Frantov"
"B0443","JV-1333","Radim u Kolína-"
"B0444","ADC-15696","Radim u Kolína-"
"B0445",NA,"Radim u Kolína-"
"B0446","ADC-11806","Radonice u Prahy-V obůrkách"
"B0447","P-1332-00497","Radovesnice I-Za školou"
"B0448","ADC-16223","Radovesnice I-dvorek domu čp. 95"
"B0449","ADC-16470; ADC-16469","Ratboř-V cukrovaru u staré školy"
"B0450","P-1314-00083","Ratenice-Nad Loučkama"
"B0451","P-1322-00248","Rodov-Trotina"
"B0452","P-1341-00016","Rohozec u Žehušic-Za humny na obíckách"
"B0453",NA,"Rosice nad Labem-cihelna"
"B0454","P-1342-00121","Rosice u Chrasti-Za školou"
"B0455","DVS-898; ADC-17393","Rosice u Chrasti-tvrziště"
"B0456","ADC-17391; ADC-17390","Rosice u Chrasti-cihelna"
"B0458",NA,"Rožďalovice-u školy"
"B0459",NA,"Rtyně-"
"B0461",NA,"Řepov-průmyslová zóna"
"B0462","ML-7044","Řepov-u hřbitova"
"B0463","ADC-14633","Říčany u Prahy-Pískovna pod hradem"
"B0464","AN/NB – 1288","Sány-"
"B0465",NA,"Sány-ul. Dlouhá"
"B0466","P-1321-00250; P-1321-00113","Sběř-"
"B0467","ADC-16396","Sedlec u Kutné Hory-Mokřiny"
"B0468","P-1312-00068","Semčice-U Okálů"
"B0469","ADC-15791; ADC-15792","Semonice_trasa silnice"
"B0470","ADC-15790; NA-JT-7101","Semonice_vodovod"
"B0471","P-1313-00180","Sibřina-"
"B0472","HK-7064","Skřivany-Malátova"
"B0473",NA,"Slatiny-Slatinky"
"B0474","OS_JC_11006","Slavhostice-U Vraždy"
"B0475","P-1321-00141","Slavhostice-U studeného lesa"
"B0476","P-1321-00156","Slavhostice-Nad dvorem"
"B0477","P-1322-00335; HK-1268","Smiřice-Zbuzany"
"B0478","HK-7073; P-1322-00017","Smiřice_nádraží"
"B0479","HK-1266; HK-1269","Smiřice-Za cihelnou"
"B0480","P-1322-00158; HK-7071","Smiřice-Zderaz"
"B0481",NA,"Sobčice-Bezděkov"
"B0482","PD-JC-1326","Sobčice-U svatého Jana"
"B0483","PD-JC-1184","Sobčice-U lomu"
"B0484","P-0343-00130","Soběraz-Červenice"
"B0485","P-0343-00143","Soběraz-Pod trním"
"B0486","P-0334-00198","Sobotka-U křížku"
"B0487","P-0334-00266","Solec-Mezi Solci"
"B0488",NA,"Sovětice-Skalka"
"B0489","P-1342-00666; P-1342-00644","Staré Jesenčany-Kopanina"
"B0490","HK-7076","Starý Bydžov-Obecní písník u kóty 287"
"B0491","JV-1356","Starý Kolín-u hřbitova"
"B0492","P-1324-00060","Stěžery-"
"B0493","HK-1272","Stěžery-U cihelny"
"B0494","HK-1275","Stěžery-U hřbitova"
"B0495","P-1342-00192","Stíčany-Za sady"
"B0496",NA,"Straky-severní okraj obce"
"B0497","P-1313-01165; P-1313-01164; P-1313-01072","Stránka u Brandýsa nad Labem-"
"B0498","AA1023","Strašnice-pískovny pod Bohdalcem"
"B0499","P-0334-00345","Střevač-U Jordánu"
"B0501","P-1341-00381","Svatý Mikuláš-U studánky"
"B0502","NA-JT-7083","Svinišťany-intravilán"
"B0503","NA-JT-1149","Svinišťany-Muka"
"B0504",NA,"Svojšice u Kouřimi-u cukrovaru"
"B0506",NA,"Šeberov-Na proutcích"
"B0507","P-1313-01249; P-1313-00874","Škvorec-ul. Za Zahradami"
"B0508","P-1313-00176","Škvorec-"
"B0509",NA,"Štítary u Kolína-V šornici"
"B0510","P-1332-00386; ADC-16474","Štítary u Kolína-Za Dvorem"
"B0511","ADC-16473","Štítary u Kolína-Na stráni"
"B0512","ADC-31378","Štolmíř-"
"B0513","JV-1387","Štolmíř-kravín"
"B0514","AN/NB – 1317","Tatce-V dolních čtverých"
"B0515","P-1313-00099; ADC-31395; ADC-15491","Tismice-západní hranice katastru"
"B0516","JV-1393","Tismice-Za školou"
"B0517","P-1431-00109","Tisová u Vysokého Mýta-nad osadou Bžundov"
"B0518","ADC-31402","Topol-Na hradě"
"B0519","P-1342-00465","Topol-Na skále"
"B0520","PB-1259","Trnová-"
"B0521","P-1313-00004; ADC-15536","Třebestovice-Na struhách"
"B0522","AN/NB – 1325","Třebestovice- U bažantnic"
"B0523","P-1341-00110; KH-MA-1071","Třebešice-"
"B0524","P-1321-00023","Třebnouševes-Na střebovským"
"B0525","P-1342-00653; P-1342-00642","Třebosice-Kamenec"
"B0526","P-1342-00045","Třebosice-Hlinecké"
"B0527","PD-JC-7006","Třebovětice-V Blatečkách"
"B0528","PD-JC-1219","Třebovětice-Na průhonku"
"B0529","PD-JC-1220","Třebovětice-Za rašovkami"
"B0530","ADC-16137","Třebovle-U Sázavského dvora"
"B0531",NA,"Třibřichy-býv. Cihelna"
"B0532",NA,"Tuchoraz-Na Pařezu"
"B0533","P-1331-00127","Tuchoraz-Na Vápeníkovým"
"B0534","ADC-16114","Tuchoraz-JZD"
"B0535","P-1342-00017","Tuněchody-u žst."
"B0536","ADC-17236; P-1342-00627","Tuněchody-cihelna"
"B0537","P-1342-00667","Tuněchody-Ruzkovské pole"
"B0538","ADC-16983","Tupadly u Čáslavi-"
"B0539","SM-10161","Turnov-Maškovy zahrady"
"B0540","P-1342-00393","Úhřetice-"
"B0542","P-1342-00395; P-1342-00395; P-1342-00139; P-1342-00140;","Úhřetice-Kopistova a Slavíkova cihelna"
"B0543","PB-1122","Úhřetická Lhota-"
"B0544","AA1500","Újezd nad Lesy-Blatov"
"B0545","JM-DN-7020","Vejvanovice-Na červené hůrce"
"B0546","P-1321-00151; P-1321-00106","Velešice-"
"B0547",NA,"Velichovky-Pod kopcem"
"B0548",NA,"Velim-K sídlišti"
"B0549","P-1314-00263","Velim-Dolní Nouzov"
"B0550","ADC-15703","Velim-cukrovar"
"B0551","P-0334-00152","Veliš u Jičína-"
"B0552","AN/NB – 1330","Velké Zboží-pískovna"
"B0554","P-0334-00250","Vesec u Sobotky-U křížku"
"B0555","ADC-31501","Vesec u Sobotky-Poráň"
"B0556","AN/NB – 1334","Vestec nad Mrlinou-Hliňák"
"B0557","P-1342-00079","Vestec u Chrudimi-"
"B0558","NA-JT-7063","Vestec u Jaroměře-"
"B0559","P-1322-00076","Vestec u Jaroměře-Amerika"
"B0560","AN – 1099","Větrušice u Klecan-Mezi cestami"
"B0561","P-1341-00104","Vinaře-Před Drbohlavem"
"B0562",NA,"Vinařice u Dobrovice-Na kroužku"
"B0563","ADC-11760; ADC-11773; ADC-11769; P-1224-00077","Vinoř-Bohdanečská ul."
"B0564","P-1224-00992; P-1224-00222; P-1224-00213; ADC-11789","Vinoř-Kamenný stůl"
"B0565",NA,"Vinoř-V Obůrkách"
"B0566",NA,"Vinoř-hřbitov"
"B0567","ADC-11773; P-1224-00150","Vinoř-Mladoboleskavská"
"B0568","P-1224-01413","Vinoř-U cukrovaru"
"B0569","MK-2017-002","Vinoř-Lohenická"
"B0570",NA,"Vinoř-Štěpánovská"
"B0571","P-1331-00119","Vitice-K Močedníku"
"B0572","P-1331-00010","Vitice-K Synči"
"B0573","P-0343-00239; P-0343-00049","Vitiněves-"
"B0574","P-0343-00294","Vitiněves-"
"B0575","P-1342-00436","Vlčnov u Chrudimi-U Presů"
"B0576","P-1321-00255","Vlhošť-"
"B0578","AN – 1100","Vodochody u Prahy-"
"B0579","PD-JC-7005","Votuz-Třešňovka"
"B0580","ADC-15547","Vrbčany-Cihelna na Kubšovce"
"B0581","JV-1428","Vrbčany-Na křemencích"
"B0582","P-1312-00019","Vršce-"
"B0583","AA7006","Vršovice-bývalá Rennerova pískovna"
"B0584",NA,"Vysočany-býv. pískovna"
"B0585","P-1431-00048; DV1056","Vysoké Mýto-Na Krétě"
"B0586","P-1431-00169","Vysoké Mýto-Průhony"
"B0587","P-1313-00825","Vyšehořovice-"
"B0588","P-1313-00510","Vyšehořovice-lupkové doly"
"B0589","P-1224-01376","Záběhlice-Práčská ul."
"B0590","P-1313-00677","Záluží u Čelákovic-Límanova cihelna"
"B0591",NA,"Zámostí u Rožďalovic"
"B0592","P-1313-01111; P-1313-01074","Zápy-"
"B0593","P-1313-01139","Zápy-Průmyslová ul."
"B0594","P-1313-00435","Zápy-"
"B0595","P-1313-00976","Zápy-Velká strana"
"B0596","P-1313-00445; AN – 1114; ADC-15306","Zápy-intravilán"
"B0597","ADC-15350","Zápy-Na příčce"
"B0598","ADC-15335","Zápy-"
"B0599","JV-1433","Zásmuky-Za pivovarem"
"B0600",NA,"Zdiby-Na Brnky"
"B0601","P-1313-00815","Zeleneč-K potoku"
"B0602","P-1242-00052","Zlatníky u Prahy-Za zahradami"
"B0603","PD-JC-1338","Zliv u Libáně-"
"B0604","ADC-10046","Zlončice-Nad hájem"
"B0605","ADC-10049","Zlončice-Mezi dubci"
"B0606","ADC-10050","Zlončice-"
"B0607","ADC-16214","Žabonosy-Za dvorem"
"B0608","JV-1443","Ždánice u Kouřimi-U dvora Běšínova"
"B0609","P-1341-00013","Žehušice-Hlavní ul."
"B0610","P-0334-00326; P-0334-00364","Židněves-"
"B0611","P-1341-00280","Žleby-kamenolom"
"B0612",NA,"Týnec u Dobrovice-U Ctiměřic"
"B0613",NA,"Jaroměř-Přední Dolce"
"B0614",NA,"Vysoké Mýto-Za pivovarem"
"M0001","24-24-16/47","Alojzov u Prostějova-Frolinková"
"M0002","24-24-16/46","Alojzov u Prostějova-Horní Golštýn"
"M0003",NA,"Alojzov u Prostějova-Malý Mitrov"
"M0004","24-24-16/49","Alojzov u Prostějova-mezi intravilánem a lesem"
"M0005","180","Altmanns-Untern Stein"
"M0006","412","Altruppersdorf-"
"M0007","642","Angern an der March-Felbergau"
"M0008","534","Angern an der March-Marchfeld"
"M0009","24-43-20/1","Archlebov-Maliny"
"M0010","836","Asparn an der Zaya-Schwaze Lacke"
"M0013",NA,"Babice u Šternberka-Dlouhé"
"M0014","FT9","Bačice-Padělky"
"M0015","24-33-16/4","Bačice-Pode vsí"
"M0016","FT438","Bačkovice-Za mlýnem"
"M0017",NA,"Bánov-U Zbela"
"M0018","FT156","Bantice-Am Berg"
"M0019","650","Baumgarten an der March-Bienenstand"
"M0020","13","Baumgarten an der March-Kirchenfeld"
"M0021","24-24-13/3","Bedihošť-cukrovar"
"M0022","24-24-13/5","Bedihošť-Dolní padělky"
"M0023","24-24-13/4","Bedihošť-Václavovice"
"M0024","FT282","Bedřichovice-Malé pole"
"M0025","FT191","Bedřichovice-Zlámaniny"
"M0026","34-11-02/2","Běhařovice-Za kostelem"
"M0027","34-11-02/2","Běhařovice-Za kostelem II"
"M0028",NA,"Bělov-Horní pole"
"M0029",NA,"Beňov-Dolní újezd"
"M0031","373","Bernhardsthal-Aulüssen"
"M0032","397","Bernhardsthal-Sandgrube"
"M0033","334","Bernhardsthal-Werlehen"
"M0034","25-31-06/4","Bezměrov-hliník"
"M0035",NA,"Bezměrov-Hrubé teruty"
"M0036","25-13-25/1","Bílavsko-Chlum"
"M0037","25-13-25/4","Bílavsko-Nový trávník"
"M0038","24-41-16/4","Bílovice nad Svitavou-Hradisko"
"M0039","24-23-05/3","Bílovice u Prostějova-Hrad u Bílovic"
"M0040","24-24-01/18","Bílovice u Prostějova-Meziluží"
"M0041",NA,"Bílovice u Prostějova-Padělek"
"M0042",NA,"Bílovice u Uherského Hradiště-Padělky u boru"
"M0043","24-21-07/3","Biskupice u Jevíčka-U zastávky"
"M0044","FT453","Bítov-Pískoviště u borovic"
"M0045","FT410","Blanné I"
"M0046","24-24-04/2","Blatec-cihelna U Kocandy"
"M0047","23-44-23/2","Blatnice IV"
"M0048",NA,"Blatnice pod Svatým Antonínkem-Sv. Antoníček"
"M0049","23-44-23/3","Blatnice-Padělky"
"M0050","23-44-23/1","Blatnice-U lesa Ochoz"
"M0051","23-44-24/32","Blatnice-U spálených padělků"
"M0052","FT91","Blišice-Přídanky"
"M0053","24-34-25/7","Blučina-Cezavy"
"M0054","24-34-20/16","Blučina-Dlouhé"
"M0055","FT90","Blučina-Spodní Kolberky"
"M0056","24-34-25/13","Blučina-Štumberky"
"M0057","24-34-04/24","Bohunice-Kamenice"
"M0058","24-44-22/20","Bohuslavice u Kyjova-Na skalách"
"M0059","FT150","Bohuslavice u Kyjova-Šotnery"
"M0060","24-44-22/3","Bohuslavice u Kyjova-U tvrze"
"M0061","FT29","Bohušice-Bohušický rybník"
"M0062","FT240","Bohušice-návrší nad Rokytkou"
"M0063","23-44-19/6","Bohušice-U Blatnické křižovatky"
"M0064","23-44-18/1","Bohušice-U lomu"
"M0065","FT411","Bohušice-U Ouvaru"
"M0066","FT220","Bohutice-za zámkem"
"M0067","FT494","Bojanovice u Znojma-Kněžské"
"M0068","33-22-15/4","Bojanovice u Znojma-Vesky"
"M0069","34-21-08/4","Boleradice-Kopanina"
"M0070","FT61","Boleradice-U chaty"
"M0071","24-43-23/4","Borkovany-Veselá hora"
"M0072","34-13-04/1","Borotice nad Jevišovkou-Nad dvorem"
"M0073","24-44-20/5","Boršice u Buchlovic-Močidla"
"M0074","24-14-19/13","Bořitov-Na křibě"
"M0075","24-14-14/11","Bořitov-Perná"
"M0076","24-14-14/13","Bořitov-Perná, sad"
"M0077","24-14-14/6","Bořitov-Písky"
"M0078","24-14-19/15","Bořitov-U dálnice"
"M0079","24-14-19/17","Bořitov-U hliníku"
"M0080",NA,"Boskovice-Mánesova"
"M0081","24-14-10/28","Boskovice-Masarykovo nám."
"M0082","24-14-10/7","Boskovice-Na dlouhých"
"M0083","24-23-01/3","Boskovice-Pod lipníky"
"M0084","33-22-10/2","Boskovštejn-K nové louce"
"M0085","FT397","Boskovštejn-Písařovicovo pole nad rybníkem"
"M0086","FT463","Boskovštejn-Pod zahradama"
"M0087","33-22-10/1","Boskovštejn-Smoha"
"M0088","33-22-09/6","Boskovštejn-Výhon"
"M0089","24-34-03/19","Bosonohy-Cihelna"
"M0090","24-34-03/20","Bosonohy-Dlouhý padělky"
"M0091","24-34-03/21","Bosonohy-Hradisko"
"M0092","24-43-23/9","Bošovice-Galaše"
"M0093","24-43-23/12","Bošovice-Příděl u háječka"
"M0094","34-13-05/2","Božice u Znojma- Kolonie u dvora"
"M0095",NA,"Božice-Na ostrůvku"
"M0096","24-44-07/22","Brankovice-Kyniska"
"M0097","24-44-07/17","Brankovice-u železniční stanice"
"M0098","FT197","Bratčice-Půllány k Mělčanům"
"M0099",NA,"Bratčice-Půllány k Mělčanům (KNP)"
"M0100","FT324","Brněnské Ivanovice-Panský lán"
"M0101","FT52","Brněnské Ivanovice-U lišek"
"M0102","14-44-18/1","Brníčko u Zábřeha-Gartenanger"
"M0103","14-44-18/1","Brníčko-intravilán"
"M0104","14-44-18/1","Brníčko-obec"
"M0105","24-34-04/3","Brno-Město-Bašty"
"M0106","24-34-04/3","Brno-Město-Dvořákova"
"M0107","34-12-23/1","Brod nad Dyjí-Krátké loučky"
"M0108","FT239","Brod nad Dyjí-Pod silnicí"
"M0109","24-42-02/19","Brodek u Prostějova-Hájek"
"M0110","24-42-02/21","Brodek u Prostějova-Hůrka"
"M0111","24-24-22/11; 24-24-22/13","Brodek u Prostějova-Lískovec"
"M0112",NA,"Brodek u Prostějova-Za zámkem"
"M0113",NA,"Brumovice-Brumovické úlehle"
"M0114","34-23-14/19","Břeclav-Přední čtvrtky"
"M0116","FT268","Březník-Klínky"
"M0117","FT302","Březník-Kosův brodek"
"M0118","FT412","Březník-Nad Výhonem"
"M0119","FT267","Březník-Střední hon"
"M0120","FT161","Březník-Zadní hon"
"M0121",NA,"Březolupy-Čertoryje"
"M0122",NA,"Březolupy-Pastvisko"
"M0123","FT413","Břežany u Znojma-Sporná pole"
"M0124","24-34-16/2","Budkovice-Myslivárna"
"M0125","FT199","Budkovice-Na zadních"
"M0126","24-34-16/8","Budkovice-Pod Holým kopcem"
"M0127","25-11-11/16","Bukovany u Olomouce-Ohrady"
"M0128","34-23-02/2","Bulhary-Au Äcker"
"M0129","34-23-07/3","Bulhary-Gajdošova cihelna"
"M0130","34-23-02/7","Bulhary-Nad sklepy"
"M0131","3","Bullendorf-Wiesental"
"M0132","24-14-19/1","Býkovice-Příčníky"
"M0133","FT392","Býkovice-U obrázku"
"M0134","FT280","Bystrc-Na pile"
"M0135","24-32-23/16","Bystrc-Rakovec"
"M0136","FT11","Bystrc-U buku"
"M0137","24-32-23/17","Bystrc-Zadní dlouhé"
"M0138","24-24-03/3","Bystročice-nový kravín"
"M0139","24-22-23/12","Bystročice-U Topolánků"
"M0140",NA,"Cetechovice-okraj obce"
"M0141","FT369","Ctidružice-Stejskalovo pole"
"M0142","FT399","Ctidružice-U kříže k Pavlicím"
"M0143","33-22-03/3","Častohostice-Nivky"
"M0144","33-22-03/7","Častohostice-Stráž"
"M0145","24-24-07/5","Čechovice-Díly u Hloučely"
"M0146","24-24-07/23","Čechovice-Pololání"
"M0147","24-24-11/16","Čechovice-Záhoří-Čechovsko"
"M0148","24-24-08/12; 24-24-08/8; 24-24-08/11","Čechůvky-Kopaniny"
"M0149","24-22-21/6","Čechy pod Kosířem-Pod Brusem"
"M0150","24-21-25/5","Čechy pod Kosířem-U Hluchova"
"M0151","24-21-25/5","Čechy pod Kosířem-U vazu"
"M0152","24-22-21/25","Čechy pod Kosířem-Za dvorem"
"M0153",NA,"Čekyně-Žalkov"
"M0154","24-24-18/7","Čelčice-Louky"
"M0155","24-14-19/34","Černá Hora-intravilán"
"M0156","24-14-20/15","Černá Hora-Porčův mlýn"
"M0157","24-14-19/32","Černá Hora-Selkov"
"M0158","24-14-19/29","Černá Hora-Zaryplovy"
"M0159","FT247","Černín-Nad silnicí"
"M0160","24-32-14/1","Česká-Vrbky"
"M0161","FT357","Čučice-Milošov"
"M0162","FT235","Dalešice-U dominka"
"M0163","24-43-24/12","Dambořice-Kluče"
"M0164",NA,"Dambořice-Spálený"
"M0165","24-43-24/13","Dambořice-Vysoká"
"M0166",NA,"Dambořice-Za dvorem"
"M0167","24-41-10/7","Dědice u Vyškova-cihelna"
"M0168","24-41-10/2","Dědice u Vyškova-Kozí horka"
"M0169","24-41-15/10","Dědice u Vyškova-Legerní pole"
"M0170","24-41-15/11","Dědice u Vyškova-Letní pole"
"M0171","24-41-15/10","Dědice u Vyškova-Za parkem"
"M0172","24-42-11/3","Dědice u Vyškova-Za zbrojovkou"
"M0173","14-44-11/17","Dědinka-U lípy"
"M0174","FT439","Dešov-Příčný"
"M0175",NA,"Dešov-Řepták"
"M0176",NA,"Dešov-U Vlčáku"
"M0177","24-24-17/21","Dětkovice u Prostějova-Skaličníky"
"M0178","24-24-17/26","Dětkovice u Prostějova-Široké šiborovice"
"M0179","24-24-17/24","Dětkovice u Prostějova-Za zahradami"
"M0180",NA,"Devínska Nová Ves-Kaštieľ"
"M0181",NA,"Devínska Nová Ves-Útočnica"
"M0182","34-21-07/4","Diváky-Burberk"
"M0183","34-21-08/5","Diváky-Díly v zelách"
"M0184","FT326","Diváky-Nedánov"
"M0185","34-21-02/3","Diváky-Nivy pod Svárovem"
"M0186","FT328","Diváky-Polejtně"
"M0187","FT330","Diváky-Porgartně"
"M0188","FT477","Diváky-Stará hora"
"M0189","FT478","Diváky-U kravína"
"M0190",NA,"Divoky-Žernová"
"M0191","25-13-12/6","Dluhonice-Dolní újezd"
"M0192","24-24-22/18","Dobrochov-Pod širokou"
"M0193",NA,"Dobrotice-Příčky od souhrad"
"M0194",NA,"Dobšice u Znojma-Léry"
"M0195","FT55","Dobšice u Znojma-Mezi potoky"
"M0196",NA,"Dobšice u Znojma-V od obce"
"M0197",NA,"Dojč-Jasenové"
"M0198",NA,"Dolany u Olomouce-kostel sv. Matouše"
"M0199","24-22-10/8","Dolany u Olomouce-Za Benešovo"
"M0200","FT336","Dolní Dubňany-Na čtvrtích"
"M0201",NA,"Dolní Němčí-Kráčinky"
"M0202",NA,"Dolní Němčí-Záhumní"
"M0203","14-44-13/3","Dolní Sukolom-cihelna"
"M0204","14-44-13/4","Dolní Sukolom-obec"
"M0205","14-44-13/3","Dolní Sukolom-Pirnikberg"
"M0206","14-44-13/6","Dolní Sukolom-V lukách"
"M0207",NA,"Dolní Ves-Za Suhým"
"M0208","FT57","Dolní Věstonice-JZD"
"M0209","34-12-20/2","Dolní Věstonice-Na pískách"
"M0210","34-21-21/3","Dolní Věstonice-Nad silnicí"
"M0211","34-12-25/8","Dolní Věstonice-štěrkovna"
"M0212","34-21-21/1","Dolní Věstonice-Věstonická brána"
"M0213",NA,"Domanín-Domanínský kopec"
"M0214","FT72","Domčice-intravilán"
"M0215",NA,"Doubrava u Březiny-Valy"
"M0216","14-43-25/8","Doubravice nad Moravou-Kouřilka"
"M0217","24-14-15/12","Doubravice nad Svitavou-intravilán"
"M0218","24-22-22/24","Drahanovice-U Lusthózu"
"M0219","24-32-03/7","Drásov-Díly pod Horkami II"
"M0220","24-32-03/4","Drásov-Keblány"
"M0221","34-12-23/3","Drnholec-Holenická pole"
"M0222",NA,"Drnholec-Lidická ul."
"M0223","34-12-23/4","Drnholec-Malé hajdy"
"M0224",NA,"Drnholec-Mrchoviště"
"M0225","24-41-15/5","Drnovice u Vyškova-Adlerova mez"
"M0226","24-41-15/3","Drnovice u Vyškova-Budonická louka"
"M0227","24-41-15/30","Drnovice u Vyškova-Horka"
"M0228","24-41-15/2","Drnovice u Vyškova-Kněží háj"
"M0229","24-41-15/4","Drnovice u Vyškova-Končiny"
"M0230","24-41-15/6","Drnovice u Vyškova-Kopaniny u lomu"
"M0231","24-41-15/43","Drnovice u Vyškova-Křivda"
"M0232","24-41-15/33","Drnovice u Vyškova-Podsedky"
"M0233","24-41-15/29","Drnovice u Vyškova-Přídanky"
"M0234","24-41-15/23","Drnovice u Vyškova-Za Lesní správou"
"M0235","542","Drösing-Apfering"
"M0236","86","Drösing-Hutmannsdorf"
"M0237","543","Drösing-Meierheide"
"M0238","547","Drösing-Röhringseewiesen"
"M0239","548","Drösing-Röhringseewiesen"
"M0240","544, 545","Drösing-Steinafurth"
"M0241","552","Drösing-Unteres inneres Feld"
"M0242","24-42-01/17","Drysice-Dolní Radlikus"
"M0243","24-42-01/16","Drysice-Na kopaninách"
"M0244",NA,"Držovice na Moravě-Bezděkov"
"M0245","24-24-08/3","Držovice na Moravě-Díly odvrahoviční"
"M0246","24-24-08/4","Držovice na Moravě-Háj"
"M0247","24-24-07/15","Držovice na Moravě-Horka"
"M0248","24-24-07/20","Držovice na Moravě-Loučky"
"M0249","24-24-07/16","Držovice na Moravě-Panský díl"
"M0250","24-24-07/17","Držovice na Moravě-Pastviska"
"M0251","24-24-08/3","Držovice na Moravě-U hřbitova"
"M0252",NA,"Držovice na Moravě-Vinohrádky"
"M0253","24-42-08/4","Dřevnovice-intravilán"
"M0254",NA,"Dřevohostice-cihelna"
"M0255","25-13-14/9","Dřevohostice-Pláňava"
"M0256",NA,"Dub nad Moravou-Farská zahrada"
"M0257","24-24-10/5","Dub nad Moravou-obec"
"M0258","24-24-10/3","Dub nad Moravou-Tučapy"
"M0259","24-24-03/5","Dubany na Hané-Vršiny"
"M0260","34-22-12/16","Dubňany-Jarohněvický rybník"
"M0261","34-22-12/10","Dubňany-Kostelisko"
"M0262","34-22-12/5","Dubňany-Nivky"
"M0263",NA,"Dubovce-Pod Otrč horou"
"M0264",NA,"Dúbravka-Veľá lúka"
"M0265","FT97","Dukovany-Pařezy"
"M0266",NA,"Dürnkrut-Am Mühlgraben"
"M0267","554","Dürnkrut-Neue Wiesen"
"M0268","34-13-02/23","Dyje-bezejmenná ostrožna"
"M0269","34-13-02/15","Dyje-Sad u nádraží"
"M0270","FT340","Džbánice-Marhulky"
"M0271","FT341","Džbánice-Zahrady pod hájem"
"M0272","679","Ebendorf-Edel Äcker"
"M0273","30","Ebendorf-Hühnerkratzer"
"M0274","932, 945","Ebendorf-Schellenberg"
"M0275","14","Eichenbrunn-Erntdankkreuz"
"M0276","A12","Elsern-Wartlüß"
"M0277","794","Falkenstein-Burgberg"
"M0278","726","Falkenstein-Schanzboden"
"M0279","276, 277","Friebritz-Fallehergraben"
"M0280","76","Friebritz-Frauenberg"
"M0281","190","Friebritz-westlich Teichbreite"
"M0282","336","Fronsburg-Entersgraben"
"M0283","336","Fronsburg-Hinterfeld"
"M0284","811, 841","Fugnitz-Geraser Feld"
"M0285","68, 69","Gaiselberg-Hausberg"
"M0286","972","Gaiselberg-Nr. 80"
"M0287",NA,"Gajary-Bystrá II"
"M0288",NA,"Gajary-Jazierkové"
"M0289",NA,"Gajary-Pod lipou"
"M0290",NA,"Gajary-Prašivá"
"M0291",NA,"Gajary-Radlica"
"M0292",NA,"Gajary-Veselé"
"M0293","219","Gaubitsch-Alpenberg"
"M0294","94","Gaubitsch-Hanfthal"
"M0295","319","Gaubitsch-Reifling"
"M0296","A9","Gaubitsch-südlich Ort"
"M0297","510","Gaweinstal-Junggebirge"
"M0298","19","Gnadendorf-Im Vorrain"
"M0299","416","Gnadendorf-südwestlich hinter der Ortschaft"
"M0300","240","Grafensulz-Haltergarten"
"M0302","33-22-09/8","Grešlové Mýto-Mírovec"
"M0303","FT483","Grešlové Mýto-Pode mlýnem"
"M0304","33-22-09/7","Grešlové Mýto-V sazích u kapličky"
"M0305","754","Großschweinbarth-"
"M0306","755","Großschweinbarth-Freibergen"
"M0307",NA,"Grub an der March-Äußere Wiesenäcker"
"M0308","35","Grub an der March-Haspelberg"
"M0309",NA,"Grub an der March-Unterhaspel"
"M0310","795","Guttenbrunn-Sauberg"
"M0311","24-41-19/12","Habrovany-Blatice"
"M0312","24-41-24/23","Habrovany-Díly za dráhou"
"M0313","24-41-24/1","Habrovany-u zámku"
"M0315","806","Hagenberg-Hinter der Zeil"
"M0316","862","Hanfthal-Walkenhübel"
"M0317",NA,"Haňovice-Dolní konec"
"M0318","274","Hauskirchen-Unterfeld"
"M0319","35-11-05/12","Havřice-Nad zahrádky"
"M0320","24-22-19/11","Hejčín-Mrštíkovo náměstí"
"M0321","949","Herrnbaumgarten-Auf der Breiten"
"M0322","948","Herrnbaumgarten-Buchholzacker"
"M0323","924","Herrnbaumgarten-Tennauwald"
"M0324",NA,"Hlboké-Padzelky"
"M0325",NA,"Hlboké-Sochorovské"
"M0326","25-13-09/14","Hlinsko-Nad Zbružovým"
"M0327","25-13-09/16","Hlinsko-Podhůra"
"M0328","25-13-09/15","Hlinsko-U větrného mlýna"
"M0329","25-13-09/15","Hlinsko-Za mlynářovým"
"M0330",NA,"Hlivice-U vepřína"
"M0331","FT343","Hluboké Mašůvky-Hradisko"
"M0332","34-11-16/1","Hluboké Mašůvky-Nivky"
"M0333","24-23-05/13","Hluchov-Podkahance"
"M0334",NA,"Hluchov-Zadní stříbrné"
"M0335","35-11-08/5","Hluk-Paligr"
"M0336",NA,"Hnanice IV"
"M0337","FT294","Hnanice-Hraběcí hora"
"M0338","33-24-10/2","Hnanice-U roty"
"M0339","24-22-23/2","Hněvotín-Nový trávník"
"M0340","24-22-23/3","Hněvotín-U struhy"
"M0341","14-44-24/1","Hnojice-Mošťanky"
"M0342","591","Hobersdorf-Schloßäcker"
"M0343","34-13-03/1","Hodonice-Loydova cihelna"
"M0344","FT282","Hodonice-Na vinici"
"M0345","872","Hohenau-"
"M0346","926","Hohenau-"
"M0347","950","Hohenau-Föhrenhügel"
"M0348","558","Hohenau-Gestüt Wiese"
"M0349","559","Hohenau-Gestüt Wiese"
"M0350","896","Hohenau-Hochleiten"
"M0351","560","Hohenau-Hrutka"
"M0352","24-34-10/16","Holásky-Písníky"
"M0353","24-43-03/6","Holubice-Pod Holubskou"
"M0354","24-41-22/22","Horákov-Čtvrtky"
"M0355","24-41-21/6","Horákov-Horka"
"M0356","24-41-22/16","Horákov-Macocha"
"M0357","24-41-22/26","Horákov-Ořechová seč"
"M0358","24-41-22/24","Horákov-Remíse"
"M0359","1027","Hörersdorf-Gaisstall"
"M0360","24-22-14/5","Horka nad Moravou-Spodní kaluhy"
"M0361",NA,"Horky u Stínavy-Na Křemeli"
"M0362","FT120","Horní Dunajovice-Kuchyňkova cihelna"
"M0363","FT346","Horní Dunajovice-Na vinohradské"
"M0364","FT345","Horní Dunajovice-Na záhumenicích"
"M0365","14-44-13/8","Horní Sukolom-Lihovarské"
"M0366","23-44-08/3","Horní Újezd u Třebíče-Mejtnice"
"M0367","FT391","Horní Újezd u Třebíče-Panské"
"M0368","34-12-25/9","Horní Věstonice-Na Lukách"
"M0369","FT346","Hostěradice na Moravě-JV obce"
"M0370","33-22-04/1","Hostim-Amerika"
"M0371","33-22-04/3","Hostim-pole nad Radkovským mlýnem"
"M0372","23-44-24/5","Hostim-Těchovec"
"M0373","33-22-04/4","Hostim-Za Ovčínem"
"M0374","34-22-11/9","Hovorany-Újezdy"
"M0375","24-42-02/12","Hradčany u Prostějova-Nad mlýnem"
"M0376","24-32-07/8","Hradčany u Tišnova-Pod horkou"
"M0377",NA,"Hradčovice-Újezdy"
"M0378","25-31-06/2","Hradisko-Hradisko"
"M0379","24-33-17/1","Hrotovice-Mstěnice"
"M0380","FT162","Hrotovice-Na panské nivě"
"M0381","24-33-12/4","Hrotovice-Votavova cihelna"
"M0382","35-11-17/2","Hroznová Lhota-Čtvrtky"
"M0383","24-24-13/15","Hrubčice-Košíky"
"M0384","24-24-13/16","Hrubčice-Nebnahy"
"M0385","24-33-20/2","Hrubšice-intravilán"
"M0386","FT415","Hrubšice-Nad řekou"
"M0387",NA,"Hruška-Nivky"
"M0388","24-34-24/9","Hrušovany u Brna-SV intravilán"
"M0389",NA,"Hrušovany u Brna-U tří mostů"
"M0390",NA,"Hulín-Padělky, pískovna"
"M0391","25-31-07/1","Hulín-U Isidorka"
"M0392","25-31-08/10","Hulín-U obrázku"
"M0393","25-31-08/2","Hulín-Višňovce"
"M0394","34-21-06/5","Hustopeče u Brna-Příčky"
"M0395",NA,"Hustopeče-dálniční nájezd"
"M0396",NA,"Huštěnovice-Tegly"
"M0397","FT12","Hvozdec u Veverské Bitýšky-Proti skalce"
"M0398","24-24-21/12","Chaloupky u Otaslavic-Obrova noha"
"M0399","24-24-16/1","Chaloupky u Otaslavic-Žákovec"
"M0400","34-23-13/2","Charvátská Nová Ves-Líbivá"
"M0401","24-24-04/8, 19","Charváty-hliník"
"M0402",NA,"Cholina-Horní farské"
"M0403","24-22-06/3","Cholina-školní zahrada"
"M0404","24-21-01/13; 24-21-01/12","Chornice 2c"
"M0405","24-21-06/21","Chornice-Kelinky"
"M0406","24-21-06/1","Chornice-Pod hušákem"
"M0407","24-22-02/5","Chořelice-Nad hliníkem"
"M0408","24-22-02/1","Chořelice-za Teslou"
"M0409","24-14-05/22","Chrudichromy-Čtvrti"
"M0410","FT155","Chudčice-intavilán"
"M0411","FT14","Chudčice-U dubu"
"M0412","33-22-12/1","Chvalatice-Růžový kopec"
"M0413","24-24-19/15","Ivaň na Hané-Nivky"
"M0414","24-34-11/10","Ivančice-cihelna"
"M0415","FT350","Ivančice-Dolní Špýry"
"M0416",NA,"Ivančice-Knížecí les"
"M0417",NA,"Ivančice-Loučky"
"M0418",NA,"Ivančice-Mřenková ul."
"M0419","FT295","Ivančice-Nové hory"
"M0420","FT98","Ivančice-Panovského cihelna"
"M0421","24-42-12/15","Ivanovice na Hané-Padělky za cihelnou"
"M0422","24-42-07/15","Ivanovice na Hané-Spravedlnost"
"M0423",NA,"Ivanovice na Hané-U Chvalkovic"
"M0424","24-42-12/17","Ivanovice na Hané-Za střediskem"
"M0425","24-32-19/9","Ivanovice-Pod Habřím"
"M0426","24-14-10/25","Jabloňany-kravín"
"M0427","24-14-15/9","Jabloňany-Sedliska"
"M0428",NA,"Jakubov-Pri starom mlyne"
"M0429",NA,"Jakubov-Prostredné pole"
"M0430",NA,"Jamolice-Čertova hráz"
"M0431","FT353","Jamolice-Hájky"
"M0432",NA,"Jarohněvice-Rozdíly"
"M0433","23-44-19/5","Jaroměřice nad Rokytnou-Kopanina"
"M0434","23-44-19/4","Jaroměřice nad Rokytnou-Niva pod dráhou"
"M0435","FT355","Jaroměřice nad Rokytnou-Spolek"
"M0436","23-44-14/7","Jaroměřice nad Rokytnou-Štěpánovská trať"
"M0437","23-44-14/1","Jaroměřice nad Rokytnou-V košíkovém"
"M0438","23-44-19/4","Jaroměřice nad Rokytnou-Za forotou"
"M0439","FT123","Jaroměřice nad Rokytnou-Žabík"
"M0440","24-21-12/7","Jaroměřice-Čtvrtě pod hájky"
"M0441","24-21-12/2; 24-21-12/5","Jaroměřice-Na hójezdech"
"M0442","564; 635","Jedenspeigen-Bahnfeld"
"M0443",NA,"Jedenspeigen-Dammfeld"
"M0444","0","Jedenspeigen-Östlich des Dammfeldes"
"M0445","567","Jedenspeigen-Schafhofbreiten"
"M0446",NA,"Jedenspeigen-Schafhofbreiten"
"M0447",NA,"Jedenspeigen-Wimmerauwiesen"
"M0448",NA,"Jemnice-Nad Jandovem"
"M0449","33-21-04/4","Jemnice-Nad Týnicí"
"M0450",NA,"Jemnice-Padělky za šibenicí"
"M0451",NA,"Jemnice-Široké"
"M0452","24-14-20/12","Jestřebí-Hrubé dílce"
"M0453","583","Jetzelsdorf-Fundstelle 1"
"M0454","589","Jetzelsdorf-Rabenberg"
"M0455",NA,"Jevíčko-předměstí 19"
"M0456","FT475","Jevišovice-Na příčných"
"M0457",NA,"Jevišovka-Nová ul."
"M0458","24-44-24/11","Ježov-Díly"
"M0459","FT278","Jinačovice-Klínky"
"M0460","FT138","Jinačovice-Za sýčkami"
"M0461","33-22-04/16","Jiřice u Moravských Budějovic-Na širokých"
"M0462","33-22-04/15","Jiřice u Moravských Budějovic-Pod Borovým"
"M0463","24-43-02/57","Jiříkovice-Díly"
"M0464","24-32-24/19","Jundrov-Optátova"
"M0465","24-32-23/15","Jundrov-U jezírka"
"M0466","FT396","Kadov-zahrada J. Šidla"
"M0468",NA,"Kdousov-U Cihelny"
"M0469",NA,"Kdousov-U Křížku"
"M0470",NA,"Kelč-Staré Město-Pod Šibenky"
"M0471","685","Kettlasbrunn-Mistelbacher Breiten"
"M0472","759","Kettlasbrunn-Opersdorferfeld"
"M0473","24-33-08/3","Kladeruby nad Oslavou-Na vlčinském"
"M0474","25-13-09/12","Kladníky-Záhumenky"
"M0475","246","Kleinhadersdorf-Bockfeld"
"M0476","1045","Kleinhadersdorf-In Gründen"
"M0477","450","Kleinhöflein-Kühlüssen"
"M0478","495","Kleinsierndorf-Ratscherberg"
"M0479","24-24-19/8","Klenovice na Hané-Kolečkářky"
"M0480","24-24-19/5","Klenovice na Hané-Louky za Ovčinou"
"M0481","24-24-19/7","Klenovice na Hané-Noviny"
"M0482","24-24-19/6","Klenovice na Hané-Zábraní"
"M0483","FT362","Klentnice- Länger Acker"
"M0484","34-12-25/16","Klentnice-Hirschwald"
"M0485",NA,"Klentnice-Stará hora"
"M0486","34-14-05/12","Klentnice-Za kovárnou"
"M0487","FT234","Kloboučky-Padělky za humny"
"M0488","24-44-06/11","Kloboučky-Za školou"
"M0489","34-21-08/1","Klobouky u Brna-Hradisko"
"M0490","FT69","Klobouky u Brna-Novosady"
"M0491","FT68","Klobouky u Brna-Za psinky"
"M0492","14-44-06/1","Klopina-Na lánech"
"M0493",NA,"Klopina- U Křemelice"
"M0494","FT39","Kniníčky-Sokolské koup."
"M0495","24-32-18/5","Kniníčky-U luhu"
"M0496","FT28","Kniníčky-U tří křížů"
"M0497","24-43-19/4","Kobeřice u Brna-Čtvrtě"
"M0498","24-43-19/1","Kobeřice u Brna-Nová pole"
"M0499","24-24-22/27","Kobeřice-Padělky"
"M0500","34-21-13/6","Kobylí na Moravě-Lumperky"
"M0501","34-21-14/12","Kobylí na Moravě-U jezera"
"M0502","24-43-07/13","Kobylnice u Brna-Rozdíly"
"M0503",NA,"Kobylnice u Brna-Rybníky"
"M0504",NA,"Kobylničky-Kozlének"
"M0505","FT112","Kohoutovice-Na široké"
"M0506","FT441","Kojatice-Smilová"
"M0507",NA,"Kojetín-Babiny"
"M0508",NA,"Kojetín-Kroměřížská"
"M0509","24-42-05/4","Kojetín-Nad Křenovskou lávkou"
"M0510","25-13-06/4","Kokory-Zákostelky"
"M0511",NA,"Količín-Šeblínek"
"M0512",NA,"Količín-Újezd"
"M0513","24-32-19/1","Komín-Kouty"
"M0514","24-32-24/17","Komín-Luhy"
"M0515","24-32-24/7","Komín-Nivy"
"M0516","24-32-19/3","Komín-Padělky u Medlánek"
"M0517","24-32-24/9","Komín-Pod vinohrady"
"M0518","FT283","Komořany na Moravě-U cihelny"
"M0519","24-33-23/6","Kordula-Na jitrech"
"M0520",NA,"Kostelany nad Moravou-Roztoky"
"M0521","24-24-01/26","Kostelec na Hané-K Čelechovicím"
"M0522","24-24-01/26","Kostelec na Hané-Kozí brada"
"M0523","24-24-01/8,10","Kostelec na Hané-Niva"
"M0524","24-24-01/21","Kostelec na Hané-Prostřední pololány"
"M0525",NA,"Kostelec na Hané-Srážka"
"M0526","24-24-02/7, 24-24-02/8","Kostelec na Hané-Trnka"
"M0527","24-24-01/22","Kostelec na Hané-Za cihelnou"
"M0528","FT73","Kostice-Louky u lesa"
"M0529","33-21-15/4","Kostníky-Jezevčiny"
"M0530","33-21-10/5","Kostníky-Sedliště"
"M0531",NA,"Kostolište-Piesočné"
"M0532","24-42-01/21","Kotáry-Chochola"
"M0533","24-42-01/15","Kotáry-Melice"
"M0534","FT181","Kounické Předměstí-Réna"
"M0536",NA,"Koválov-Chrasci"
"M0537",NA,"Koválov-Koválovca"
"M0538",NA,"Koválov-Okrušky od Unína"
"M0539",NA,"Koválov-Vinohrádky"
"M0540","FT222","Kovalovice-Díly"
"M0541","24-43-03/1","Kovalovice-Na rovinách"
"M0542","24-33-02/2","Kozlany-Hošťálky"
"M0543","24-24-08/6","Kralice na Hané-Kralický háj"
"M0544",NA,"Kralice na Hané-Noviny"
"M0545","FT270","Kralice nad Oslavou-Klínky"
"M0546","FT271","Kralice nad Oslavou-Pivovárky"
"M0547","FT269","Kralice nad Oslavou-Posměch"
"M0548","14-44-16/1","Králová-kóta 272"
"M0549","14-44-16/2","Králová-u silnice do Benkova"
"M0550","24-32-24/2","Královo Pole-Božetěchova"
"M0551","FT325","Královo Pole-Kulhan"
"M0552","24-41-23/11","Královopolské Vážany-Horka"
"M0553","24-33-08/5","Kramolín-Babské díly"
"M0554","24-33-07/4","Kramolín-Hradisko"
"M0555","24-24-11/15","Krasice-Kopaniny"
"M0556","24-24-12/14","Krasice-U hřbitova"
"M0557","FT125","Kravsko-Hradiště"
"M0558","33-22-20/1","Kravsko-Mastník"
"M0559",NA,"Kroměříž-Kotojedská"
"M0560","25-31-06/12","Kroměříž-Újezd u svatého Františka"
"M0561",NA,"Kroměříž-Velehradská"
"M0562","24-24-11/4","Krumsín-Kněží hora"
"M0563","24-23-15/10","Krumsín-Na Mokři"
"M0564","24-22-18/7","Křelov-Za chaloupkami"
"M0565","14-43-14/5","Křemačov-Strinberg"
"M0566","24-21-19/8","Křemenec-Pod dědinou"
"M0567","24-42-10/1","Křenovice u Kojetína-Hradisko"
"M0568","24-42-10/2","Křenovice u Kojetína-Koráb"
"M0569",NA,"Křenovice u Kojetína-Vinice"
"M0570","24-43-08/9","Křenovice u Slavkova-Dolní nádr."
"M0571","24-43-08/21","Křenovice u Slavkova-u trati"
"M0572","24-43-08/5","Křenovice u Slavkova-Zelnice"
"M0573","34-21-01/9","Křepice u Hustopečí-intravilán"
"M0574","34-21-01/11","Křepice u Hustopečí-Záhumenice"
"M0575","FT126","Křepice-Čtvrtky"
"M0576","34-11-07/1","Křepice-Hradisko"
"M0577","FT418","Křepice-Za hájkem"
"M0578","24-43-10/7","Křižanovice u Bučovic-Padělky"
"M0579",NA,"Křižanovice u Bučovic-Padělky nad hliníkem"
"M0580",NA,"Křižanovice u Vyškova-"
"M0581","FT360","Kubšice-U vedrovických hranic"
"M0582",NA,"Kudlovice-Zámeza"
"M0583","FT127","Kuchařovice-Dolní Kasperek"
"M0584",NA,"Kunov-Horekončie"
"M0585",NA,"Kunov-Medzikružie"
"M0586",NA,"Kunov-Nádemenice"
"M0587",NA,"Kunov-Starý cintorín"
"M0588",NA,"Kunov-zahrada domu č. 57"
"M0589",NA,"Kunov-Záhrobné diely"
"M0590",NA,"Kunov-Záchrastie"
"M0591","25-33-22/5","Kunovice u Uherského Hradiště-Let"
"M0592",NA,"Kunovice u Uherského Hradiště-Nedbalova cilhelna"
"M0593",NA,"Kunovice u Uherského Hradiště-Nová Čtvrť"
"M0594",NA,"Kunovice-Ve Slínech"
"M0595","FT69","Kurdějov-Holý vrch"
"M0596",NA,"Kuřim-Blanenská"
"M0597","24-32-13/10","Kuřim-Křivé"
"M0598","24-32-09/21","Kuřim-Na zahrádkách"
"M0599","24-32-08/9","Kuřim-Nad nivkami pod Zlobicí"
"M0600","24-32-09/11","Kuřim-Pod Toskou"
"M0601","24-32-09/8","Kuřim-Rybníky"
"M0602","24-32-09/9","Kuřim-U kopečku"
"M0603",NA,"Kuřim-U Marušky"
"M0604",NA,"Kuřim-Ve vedlejších"
"M0605","FT232","Kuřim-Za kostelem"
"M0606","24-32-14/7","Kuřim-Za sv. Jánem"
"M0607","24-32-08/10","Kuřim-Za Špihlíkem"
"M0609","35-11-02/4","Kvačice-Chylický rybník"
"M0610","25-31-24/1","Kvítkovice u Otrokovice-Přední mezicestí"
"M0611",NA,"Kyjov-komín sklárny"
"M0612",NA,"Kyjov-Újezd"
"M0613","34-11-18/4","Kyjovice-Nad silnicí"
"M0614","34-11-18/9","Kyjovice-Sutny"
"M0615","FT157","Kyjovice-Zahrada F. Krejčího"
"M0616","863","Laa an der Thaya-Inneres Gerichtsfeld"
"M0617",NA,"Láb-Pálenice"
"M0618",NA,"Láb-Tri tále"
"M0619","24-44-24/12","Labuty-Juřičkův kopec"
"M0620","24-44-24/10","Labuty-Újezd za humny"
"M0621",NA,"Lakšárska Nová Ves-kravíny JRD"
"M0622",NA,"Lamač-Jamy 2"
"M0623","FT476","Lančov-Za kapličkou"
"M0624","710","Lanzendorf-Sandgrube"
"M0625","34-23-20/3","Lanžhot-Podsedky"
"M0626","24-22-16/8","Laškov - Na příčkách"
"M0627","24-22-16/6","Laškov-Na kuse"
"M0628","33-22-02/3","Láz u Nových Syrovic-U nového rybníka"
"M0629","14-44-12/3","Lazce u Troubelic-U staré matky"
"M0630","14-44-12/4","Lazce u Troubelic–Vystříbro"
"M0631","24-21-01/3","Lázy-říšská dálnice"
"M0632","34-23-07/9","Lednice na Moravě-Nejdecké roviny"
"M0633","34-23-08/2","Lednice na Moravě-Podholmy"
"M0634",NA,"Lechotice-Podlesí"
"M0635",NA,"Lechovice-parcela 424/21"
"M0636","24-32-14/2","Lelekovice-hrad"
"M0637","24-32-14/3","Lelekovice-intravilán"
"M0638","A36","Leodagger-Lange Vierteln"
"M0639",NA,"Lesná u Znojma-Horní prátna"
"M0640",NA,"Lesná u Znojma-U lihovaru"
"M0641","34-11-05/5","Lesonice u Moravského Krumlova-Močidla"
"M0642","23-44-13/8","Lesůňky-cihlena"
"M0643","FT489","Lesůňky-Loch"
"M0644","23-44-13/4","Lesůňky-nad soutokem"
"M0645","23-44-13/22","Lesůňky-Tvrz"
"M0646","23-44-13/1","Lesůňky-U boroví"
"M0647","23-44-13/2","Lesůňky-U dubu"
"M0648","23-44-13/7","Lesůňky-U tvrze"
"M0649","24-24-06/43","Lešany u Prostějova-Na dluhošticích"
"M0650","24-24-06/26","Lešany u Prostějova-U doubku"
"M0651","24-24-01/1","Lešany u Prostějova-V Syrovátkách"
"M0652","24-24-06/35","Lešany u Prostějova-Za Hemerkovým"
"M0653","24-34-11/12","Letkovice-intravilán"
"M0654","FT122","Letkovice-Pod kolibkami"
"M0655","24-43-05/2","Letonice-Mezi hájky"
"M0656","24-44-07/7","Letošov-cihlelna"
"M0657","FT172","Letošov-Půllány"
"M0658","FT310","Lhánice-Černice"
"M0659","FT206","Lhánice-Kolonie"
"M0660","FT42","Lhánice-Kopanina"
"M0661","24-33-14/4","Lhánice-Na hrádku"
"M0662","24-33-14/8","Lhánice-Vodavek"
"M0663","24-33-14/7","Lhánice-zemědělské družstvo"
"M0664","25-13-10/7","Lhota u Lipníka nad Bečvou-Dlouhé hony"
"M0665",NA,"Lhota u Lipníka nad Bečvou-Dlouhé hony"
"M0666","FT27","Lhotice u Jemnice-Široké"
"M0667","25-31-21/4","Lhotka u Kroměříže-Padělky od Zelinky"
"M0668","14-43-14/1","Líbivá-u nadjezdu nad dráhou"
"M0669",NA,"Lipov-Padělky"
"M0670","24-32-04/6","Lipůvka-Klíny"
"M0671","24-32-04/7","Lipůvka-Nad cihelnou"
"M0672","24-32-04/8","Lipůvka-Pod habřím"
"M0673","24-32-09/7","Lipůvka-Pod Maňůvkou u Trojice"
"M0674",NA,"Lísky-Za Hrubou loukou"
"M0675","FT135","Líšeň-Breitcetlova"
"M0676","24-41-21/5","Líšeň-Čihadlo"
"M0677",NA,"Líšeň-Dlouhý kus"
"M0678","24-41-21/9","Líšeň-Klicperova ul."
"M0679","24-41-21/8","Líšeň-Křížová zmola"
"M0680","24-41-21/11","Líšeň-Zadní kostelíček"
"M0681","24-24-20/3","Lobodice-Niva u Cvrčova"
"M0682",NA,"Loštice-Náměstí Míru"
"M0683","24-43-18/4","Lovčičky-Cihelna"
"M0684","24-43-18/10","Lovčičky-Dlouhé"
"M0685","FT361","Lovčičky-Nádlese"
"M0686","FT236","Lovčičky-Široké"
"M0687","24-43-18/5","Lovčičky-Žleby"
"M0688","FT408","Lovčovice-Na kopci"
"M0689",NA,"Lubnice-Černá pole"
"M0690",NA,"Lubnice-Dvorské Díly"
"M0691",NA,"Lubnice-Na kopci"
"M0692",NA,"Lubnice-Uherčická pole"
"M0693",NA,"Ludéřov-U smrku"
"M0694","24-22-16/18","Ludéřov-U Zlaté stružky"
"M0695",NA,"Ludéřov-západně od Švédských šancí"
"M0696","33-24-04/2","Lukov nad Dyjí-Ostroh"
"M0697","23-44-18/14","Lukov u Moravských Budějovic-Týnské"
"M0698","23-44-18/6","Lukov u Moravských Budějovic-Za bažantnicí"
"M0699","FT271","Lukovany-Za pazourkovým"
"M0700","24-41-19/8","Luleč u Vyškova-sv. Martin"
"M0701","24-41-19/4,5","Luleč-intravilán"
"M0702","24-22-23/2","Lutín-Nový trávník"
"M0703","24-24-01/13","Lutotín-intravilán"
"M0704","24-24-01/5, 24-24-01/6","Lutotín-Jestřábí rokle"
"M0705","24-24-01/13","Lutotín-obec"
"M0706","34-24-02/1","Lužice u Hodonína-Kratiny"
"M0707","34-24-01/10","Lužice u Hodonína-U starého"
"M0708","25-13-07/8","Lýsky-intravilán"
"M0709",NA,"Lýsky-Nad struhou"
"M0710",NA,"Lýsky-Padělky u Lýsek"
"M0711","25-31-24/2","Malenovice u Zlína-Jarolímkovo nám."
"M0712","25-31-24/1","Malenovice u Zlína-Mezicestí"
"M0713",NA,"Malenovice u Zlína-Švermova"
"M0714","24-32-08/7","Malhostovice-Jezera"
"M0715","24-32-09/1","Malhostovice-Na jezerách nad Koudelkami"
"M0717","24-32-03/16","Malhostovice-Pod Brabinkou"
"M0718","24-32-09/4","Malhostovice-Polovy žleby"
"M0719","24-32-08/6","Malhostovice-U bílého kamene"
"M0720","24-32-03/25","Malhostovice-U Nuzířova"
"M0721","24-32-03/18","Malhostovice-U Pluštaru"
"M0722","24-32-08/8","Malhostovice-Zlámaniny"
"M0723","24-32-03/14","Malhostovice-Žalvíř"
"M0724","520","Mallersbach-Schindberg"
"M0725","FT114","Maloměřice-Holý kopec"
"M0726",NA,"Maloměřice-U stavu"
"M0727","231","Mannersdorf-Auhagen"
"M0728","17","Mannersdorf-Dammäcker"
"M0729","FT365","Marefy-Čtvrtě od Letonic"
"M0730","FT367","Marefy-intravilán"
"M0731","FT366","Marefy-Průtnice"
"M0732","654","Marchegg-Lange Lüsse"
"M0733","653","Marchegg-Ochsenweide"
"M0734","24-34-22/13","Maršovice-Na kocourkách"
"M0735",NA,"Mařatice-Štanclova cihelna"
"M0736","FT56","Mašovice u Znojma-Malé poloúdělí"
"M0737","FT57","Mašovice u Znojma-Mezicestí"
"M0738","33-22-25/7","Mašovice u Znojma-Pšeničné"
"M0739","FT298","Medlánky-Za Bomberkem"
"M0740","14-44-11/19","Medlov u Uničova-cihelna"
"M0741","14-44-11/9","Medlov u Uničova-důl Barbora"
"M0742","14-44-11/10","Medlov u Uničova-parcela 411"
"M0743",NA,"Medlov u Uničova-U Pískoviště"
"M0744","24-42-12/14","Medlovice-Za Hanou"
"M0746",NA,"Měrovice nad Hanou-Přední díly"
"M0747","33-22-03/2","Městys Blížkovice-u Mácova rybníka"
"M0748","FT409","Mešovice-Pod dančovickou silnicí"
"M0749",NA,"Mezice-Za kovárnou"
"M0750","24-22-07/4","Mezice-Za kovárnou"
"M0751",NA,"Michelstetten-"
"M0752","201","Michelstetten-"
"M0753","202","Michelstetten-"
"M0754","203","Michelstetten-"
"M0755","205","Michelstetten-"
"M0756","206","Michelstetten-"
"M0757","480","Michelstetten-Am Sand"
"M0758",NA,"Michelstetten-Bei der Feldmühle"
"M0759","204, 205","Michelstetten-Zeiselberg"
"M0760",NA,"Míkovice nad Olšavou-Na Drahách"
"M0761","34-24-06/14","Mikulčice-Podbřežníky"
"M0762","34-14-05/1","Mikulov na Moravě-Jelení louka"
"M0763","34-14-10/7","Mikulov na Moravě-Kamenné"
"M0764","34-14-10/6","Mikulov na Moravě-Turold"
"M0765","FT359","Mikulovice u Znojma-cihelna"
"M0766","FT71","Mikulovice-Rohlík"
"M0767","23-44-13/3","Milatice-Hekrle"
"M0768","FT35","Milovice u Mikulova-intravilán"
"M0769","34-21-21/9","Milovice u Mikulova-Klíny"
"M0770","FT473","Milovice u Mikulova-Mikulovské terasy"
"M0771","34-21-21/7","Milovice u Mikulova-Na pískách"
"M0772","34-21-21/8","Milovice u Mikulova-Prostřední pole"
"M0773","34-23-01/5","Milovice u Mikulova-Spitzhübel"
"M0774","FT472","Milovice u Mikulova-Velké díly"
"M0775","25-31-06/14","Miňůvky-Křivky"
"M0776","34-11-15/6","Miroslav-nám. Svobody"
"M0777","FT356","Miroslav-Přední farské"
"M0778","34-11-10/2","Miroslavské Knínice-U cihelny"
"M0779","FT110","Mistřín-Vadasova pískovna"
"M0780","521","Mitterretzbach-Hofäcker"
"M0781","24-14-10/20","Mladkov u Boskovic-Mezicestí"
"M0782",NA,"Mladoňovice na Moravě-Kozlovce"
"M0783","33-21-05/7","Mladoňovice na Moravě-Sedliska"
"M0784","33-21-05/6","Mladoňovice na Moravě-U Gottharda"
"M0785","FT364","Mladoňovice na Moravě-Záhumenice ke Slavíkovicím"
"M0786",NA,"Modrá u Velehradu-Orlová"
"M0787","24-34-10/1","Modřice-Lány"
"M0788",NA,"Modřice-Primál"
"M0789","24-34-15/28; 24-34-15/6","Modřice-Sádky"
"M0790",NA,"Modřice-U humusárny"
"M0791","24-34-15/5","Modřice-Za humny"
"M0792","14-43-20/10","Mohelnice-Bartošovo pole"
"M0793","14-43-15/11","Mohelnice-Kernerovo pole"
"M0794","14-43-15/2","Mohelnice-Nadjezd"
"M0795","14-43-19/2","Mohelnice-Náměstí Svobody"
"M0796","14-43-14/7","Mohelnice-park"
"M0797","14-43-19/17","Mohelnice-škrobárna"
"M0798","14-43-20/11","Mohelnice-štěrkovna, u bývalého cukrovaru"
"M0799","14-43-14/3","Mohelnice-U Křemačovského rybníka"
"M0800","14-43-15/3","Mohelnice-U splavu"
"M0801",NA,"Mohelnice-Ul. 1. máje"
"M0802","14-43-14/2","Mohelnice-Za parkem"
"M0803","14-43-15/9","Mohelnice-Za sídlištěm"
"M0804",NA,"Mohelnice-Zückova cihlena"
"M0805","24-33-13/4","Mohelno-Dlouhý"
"M0806","24-33-14/1","Mohelno-Na boleniskách"
"M0807","FT276","Mohelno-Na šibenici"
"M0808","FT275","Mohelno-Nad tlustým"
"M0809",NA,"Mohelno-Padělky"
"M0810",NA,"Mohelno-Plevovce"
"M0812","24-33-09/4","Mohelno-Skřipina"
"M0813","FT152","Mohelno-Staré Hory"
"M0814",NA,"Mohelno-Suchánek"
"M0815","FT423","Mohelno-Šibenice"
"M0816","FT250","Mohelno-Za netřeskem"
"M0817","FT424","Mohelno-Žebrák"
"M0818","FT36","Mohleno-Za chobotem"
"M0820","24-41-22/2","Mokrá u Brna-Hrnčířské pole"
"M0824","24-41-17/33","Mokrá u Brna-Spalená seč"
"M0825","FT253","Mokrá u Brna-Široké"
"M0826",NA,"Mokrá u Brna-U obrázku"
"M0827",NA,"Mokrá u Brna-Úzké"
"M0828","FT252","Mokrá u Brna-Vlašňovské údolí"
"M0829",NA,"Moravany u Brna-Horka"
"M0830","14-43-20/3","Moravičany-Dílečky"
"M0831","14-43-20/2","Moravičany-Dlouhý Díleček"
"M0832",NA,"Moravičany-dům č. 206"
"M0833","14-43-20/4","Moravičany-hřbitov"
"M0834","14-43-20/8","Moravičany-kaple sv. Rocha"
"M0835",NA,"Moravičany-Široké Díly"
"M0836","14-43-20/7","Moravičany-U vody"
"M0837","34-24-06/26","Moravská Nová Ves-intravilán"
"M0838","34-24-06/4","Moravská Nová Ves-Padělky od vody"
"M0840","FT211","Moravské Bránice-Ve starých"
"M0841",NA,"Moravské Budějovice-Náměstí Míru"
"M0842","23-44-23/6","Moravské Budějovice-Pod heřmanským kopcem"
"M0843","23-44-23/4","Moravské Budějovice-u lesa Ochoz"
"M0844","FT129","Moravské Knínice-Čihadla"
"M0845","FT130","Moravské Knínice-U kaple"
"M0846","FT371","Moravské Knínice-U panských luk"
"M0847","24-32-13/2","Moravské Knínice-V újezdech"
"M0848","FT467","Moravský Krumlov-Dlouhá louka"
"M0849","24-33-25/4","Moravský Krumlov-Horní Novosady"
"M0850","FT286","Moravský Krumlov-Na slatinách"
"M0851","FT164","Moravský Krumlov-Nad Haltýřem"
"M0852","FT468","Moravský Krumlov-Obory"
"M0853","FT470","Moravský Krumlov-okolí těžebního revíru I"
"M0854","FT469","Moravský Krumlov-okolí těžebního revíru VI"
"M0855","FT335","Moravský Krumlov-U boudy"
"M0856","FT242","Moravský Krumlov-u žst. Rakšice"
"M0857","24-34-21/4","Moravský Krumlov-Vysoká hora"
"M0858","35-11-01/2","Moravský Písek-pískovna"
"M0859",NA,"Moravský Písek-Pod Kladichovem"
"M0860",NA,"Moravský Svätý Ján-Dlhé lúky"
"M0861",NA,"Moravský Svätý Ján-Na hrudoch"
"M0862","24-42-08/13","Mořice-Pololány u můstku"
"M0863","24-42-09/2","Mořice-Pololány u Studánky"
"M0864","24-42-09/4","Mořice-U obrázku"
"M0865","24-24-06/24","Mostkovice-mezi Hloučelou a silnicí do Smržic"
"M0866","24-24-11/36","Mostkovice-Pod vinohrady"
"M0867",NA,"Mostkovice-silnice u hřbitova"
"M0868",NA,"Mostkovice-U vrbiček"
"M0869","24-24-11/8","Mostkovice-Vysoudilka"
"M0870",NA,"Mramotice-Kasárna"
"M0871","34-12-19/16","Mušov-Mühläcker"
"M0872","34-12-19/19","Mušov-Neurissen I"
"M0873","34-12-19/23","Mušov-Neurissen II"
"M0874","34-12-24/6","Mušov-Sandäcker"
"M0875","34-12-19/14","Mušov-Tuchna"
"M0876","34-12-24/7","Mušov-U sv. Jana"
"M0877","34-12-19/3","Mušov-U vodárny"
"M0878","34-22-16/26","Mutěnice-Hraničky"
"M0879","34-22-21/13","Mutěnice-Zbrod"
"M0880","24-24-16/8","Myslejovice-Díly"
"M0881","24-24-16/16","Myslejovice-Kluče od Kozylky"
"M0882","???","Myslejovice-Kopaniny"
"M0883","24-24-16/24","Myslejovice-Křéba"
"M0884","24-24-16/27","Myslejovice-Mitrovy"
"M0885","24-24-16/14","Myslejovice-Úzké"
"M0886",NA,"Myslibořice-Hrušovec"
"M0887","24-22-16/4","Náměšť na Hané-Dlouhá niva"
"M0888","24-22-16/22","Náměšť na Hané-Džbán"
"M0889","24-22-16/2","Náměšť na Hané-Křemela I"
"M0890","24-22-16/1","Náměšť na Hané-Rmíz u Laškova"
"M0891","24-22-17/2","Náměšť na Hané-Válník"
"M0892","24-22-16/20","Náměšť na Hané-Za hřbitovem"
"M0893",NA,"Nasobůrky-Cholinka"
"M0894",NA,"Nedakonice-Padělky"
"M0895","24-44-22/15","Nechvalín-Měřiny"
"M0896","24-44-22/1","Nechvalín-Nivky"
"M0897","34-23-07/10","Nejdek u Lednice-Czuczkova cihlena"
"M0898","34-23-07/9","Nejdek u Lednice-Nejdecké roviny"
"M0900","24-42-04/4, 24-42-04/6","Němčice nad Hanou-cukrovar, nádraží"
"M0901","24-42-03/17","Němčice nad Hanou-Daňka"
"M0902","24-42-04/3","Němčice nad Hanou-městečko"
"M0903","24-42-04/11","Němčice nad Hanou-Nadloučí"
"M0904","24-42-04/5; 24-42-04/6","Němčice nad Hanou-Svorka"
"M0905","FT102","Němčice u Ivančic-Široké u Komana"
"M0906","34-11-12/7","Němčičky nad Jevišovkou-Horní kusy"
"M0907","24-34-23/9","Němčičky-Nad drůbežárnou"
"M0908",NA,"Nemilany-intravilán"
"M0909","24-22-24/6","Nemilany-Kapitulní"
"M0910","24-41-19/1","Nemojany-Horka"
"M0911","24-41-19/1","Nemojany-Na hřeblech"
"M0912","24-41-19/7","Nemojany-Podhoří"
"M0913","24-41-19/18","Nemojany-Račková"
"M0914","24-41-19/20; 24-41-19/10","Nemojany-Zahrady"
"M0915","24-44-07/15","Nemotice-Díly u dvora"
"M0916",NA,"Neředín-letiště"
"M0917","24-22-19/1","Neředín-Mýlina"
"M0918",NA,"Neslovice-Domky"
"M0919",NA,"Neslovice-Hlavní ul."
"M0920","FT214","Neslovice-Kaliště"
"M0921","24-34-06/9","Neslovice-Nivky"
"M0922","226","Neudorf-Schmalzberg"
"M0923","24-42-08/18","Nezamyslice nad Hanou-Čtvrtě od Mořic"
"M0924","24-42-08/17","Nezamyslice nad Hanou-Čtvrtě od Tištína"
"M0925","24-42-08/6","Nezamyslice nad Hanou-Končiny"
"M0926",NA,"Niederleis-Altstadt"
"M0927",NA,"Niederleis-Leiser Berge"
"M0928","339","Niederleis-Rotengern"
"M0929","1018","Niedersulz-Fünfvierteläcker"
"M0930","35-11-15/7","Nivnice-Nivnické čtvrtky"
"M0931","35-11-10/3","Nivnice-severně kóty 278"
"M0932","14-44-12/11","Nová Dědina-Valcha"
"M0933","14-44-07/6","Nová Hradečná-Hradisko"
"M0934","24-33-15/4","Nová Ves u Oslavan-Kopaniny"
"M0935","FT154","Nová Ves u Oslavan-Roveň"
"M0936","24-34-17/24","Nové Bránice-Chajda"
"M0937","24-34-17/26","Nové Bránice-u lesa"
"M0938","FT54","Novosedly na Moravě-Louky"
"M0939","24-34-04/24","Nový Lískovec-Klíny"
"M0940","24-34-04/7","Nový Lískovec-Plachty"
"M0941",NA,"Nový Šaldorf-U Atlanty"
"M0942","24-32-03/33","Nuzířov-Rybníčky"
"M0943","891","Obermarkersdorf-Sandgrube Diem"
"M0944","305","Obermixnitz-Hermannsdorf"
"M0945","699","Obernalb-Parz. N. 1330/1"
"M0946","619","Obernalb-Urteln"
"M0947","523","Oberretzbach-Ried Eben"
"M0948","868","Obersulz-Leimgrube"
"M0949","767","Oberthürnau-Daßing"
"M0950","856","Oberthürnau-Obenaus"
"M0951","A22","Oberthürnau-Ostteil des Ortes"
"M0952","647, 648","Oberweiden-"
"M0953","34-13-02/21","Oblekovice-Na Palici"
"M0954","34-13-02/1","Oblekovice-Závlaha"
"M0955","24-14-15/10","Obora u Boskovic-Sedliska"
"M0956","FT435","Obřany-Líchy"
"M0957","24-32-20/6","Obřany-Soběšské"
"M0958","FT117","Obřany-Újezdy"
"M0959",NA,"Odrlice - Na dílech"
"M0960","FT173","Ohrazenice na Moravě-Chobot"
"M0961","23-44-24/26","Ohrazenice na Moravě-Šebestka"
"M0962","23-44-24/12","Ohrazenice na Moravě-U doubí"
"M0963","23-44-24/13","Ohrazenice na Moravě-U lesa Chvojníka"
"M0965","24-24-06/6","Ohrozim-Čubernice"
"M0966",NA,"Ohrozim-obec"
"M0969","FT425","Okarec-bezejmenná trať"
"M0970","24-22-11/2","Olbramice u Vilémova-silnice"
"M0971","34-12-01/11","Olbramovice u Moravského Krumlova-Leskoun"
"M0972","FT416","Oleksovice-bezejmenná poloha"
"M0973",NA,"Olgersdorf-Am Wald"
"M0974","24-22-19/14","Olomouc-město-Náměstí Republiky"
"M0975","24-22-19/14","Olomouc-město-Olomoucký kopec"
"M0976",NA,"Olomouc-město-ulice 8. května"
"M0977","24-24-03/1","Olšany u Prostějova-Lánský kříž"
"M0978","24-22-23/7","Olšany u Prostějova-Zlatniska"
"M0979","24-42-02/13","Ondratice-Díly"
"M0980","24-42-02/18","Ondratice-Podsedky"
"M0981","24-41-15/9, 35","Opatovice u Vyškova-Podsedky"
"M0982",NA,"Oplocany - hliník, Svárov"
"M0983","FT442","Oponešice-Ve Chmelníku"
"M0984",NA,"Orlovice-Lysá hora"
"M0985","FT132","Ořechov-Kabáty"
"M0986","FT350","Ořechov-U spáleného-Hradisko"
"M0987",NA,"Osek nad Bečvou - levý břeh Bečvy"
"M0988","FT132","Oslavany-Čučická"
"M0989","24-33-10/2","Oslavany-Dvorek"
"M0990","FT219","Oslavany-Koblih"
"M0991","FT103","Oslavany-Na Lužích"
"M0992","24-33-10/3","Oslavany-Náporky"
"M0993","FT104","Oslavany-Stará hora"
"M0994","FT22","Ostrovačice-Padělky"
"M0995","FT464","Ostrovačice-Prostřední Prutny"
"M0996","24-44-22/11","Ostrovánky-Nádědíny"
"M0997",NA,"Ostrožská Lhota-Chylické"
"M0998",NA,"Ostrožská Nová Ves-Koruny"
"M0999","35-11-02/2","Ostrožská Nová Ves-Padělky"
"M1000","24-24-21/1; 24-24-21/8","Otaslavice-Homole"
"M1001","24-24-22/6","Otaslavice-Horní Otaslavice (obec)"
"M1002","24-24-21/3","Otaslavice-Kopaniny"
"M1003","24-24-22/8","Otaslavice-Stany"
"M1004","24-24-22/12","Otaslavice-Zámecká trať"
"M1005","24-24-22/1","Otaslavice-Žleb"
"M1006","25-31-23/20","Otrokovice-Bahňák"
"M1007","14-43-25/6","Palonín-Dolnica"
"M1008","14-43-25/4","Palonín-západně od Kouřilky"
"M1009","1015","Palterndorf-"
"M1010","FT20","Pasohlávky-Dlouhé louky"
"M1011","FT105","Pavlice-U Blažkovského rybníka"
"M1012","34-21-21/10","Pavlov u Dolních Věstonic-Dolní pole"
"M1013","34-21-21/17","Pavlov u Dolních Věstonic-Hliník"
"M1014","34-21-21/23","Pavlov u Dolních Věstonic-Horní pole"
"M1015","34-12-25/18","Pavlov u Dolních Věstonic-Pod Děvínem"
"M1016","25-13-09/9","Pavlovice u Přerova-Dílce"
"M1017","24-22-16/9","Pěnčín na Moravě-U Jána"
"M1018","24-22-21/27","Pěnčín na Moravě-Za humny"
"M1019","FT495","Petrůvky-Padělek u žlebu"
"M1020","874","Pfaffenreith-Hintenausäcker"
"M1021","44-41-14/1","Pístovice-Zádvorčí, Za dvorkem"
"M1022","517","Platt-Brunnfeld"
"M1023",NA,"Platt-Reitlüsse"
"M1024",NA,"Plavecký Mikuláš-Dzeravá skala"
"M1025","34-11-12/5","Plaveč-Na tarase"
"M1026","34-11-11/7","Plaveč-Šance"
"M1027",NA,"Pleissing-Holzfeld"
"M1028","FT351","Plenkovice-Horní poloúdělí"
"M1029","34-11-11/10","Plenkovice-Na záhumení"
"M1030","24-24-06/12","Plumlov-Roudník"
"M1031","24-24-11/5","Plumlov-ředitelství vojenských lesů"
"M1032","34-23-03/3","Podivín-Kopce"
"M1033","33-24-10/3","Podmolí-Šobes"
"M1034",NA,"Podolí nad Olšavou-Strážné"
"M1035","24-43-01/6","Podolí u Brna-Palouky"
"M1036","FT106","Podolí u Brna-Pololány"
"M1037","24-41-22/33","Podolí u Brna-U remízku"
"M1038",NA,"Podolí u Brna-V hlavách"
"M1039",NA,"Podolí u Mohelnice- východní cíp katastru"
"M1040",NA,"Podolí u Valašského Meziříčí-Skalka"
"M1041","34-12-14/2","Pohořelice nad Jihlavou-Klášterka"
"M1042",NA,"Pohořelice nad Jihlavou-Nová louka"
"M1043",NA,"Pohořelice nad Jihlavou-Velký Dvůr"
"M1044",NA,"Pohořelice u Napajedel-Březí"
"M1045",NA,"Polešovice-Nivy"
"M1046",NA,"Police u Jemnice-Belka"
"M1047","FT175","Police u Jemnice-Filipskovo pole"
"M1048",NA,"Police u Jemnice-Horní Osík"
"M1049","33-21-10/6","Police u Jemnice-Novomlýnská"
"M1050",NA,"Police u Jemnice-U Dubu"
"M1051","14-43-10/3","Police-Polanka I"
"M1052","14-43-10/7","Police-Polanka II"
"M1053","24-24-24/10","Polkovice – Ostrovy"
"M1054","23-44-13/5","Popovice nad Rokytnou-U borovice"
"M1055","FT176","Popovice nad Rokytnou-U habřiny"
"M1056","25-13-07/6","Popovice u Přerova-Za Drahou"
"M1057","24-34-15/12","Popovice u Rajhradu-Na nivách"
"M1058",NA,"Popovice u Uherského Hradiště-Milonín"
"M1059","23-44-13/6","Popovice-Nad potokem"
"M1060","FT1","Popůvky nad Jihlavou-Beranovo"
"M1061","FT123","Popůvky nad Jihlavou-Sedlecký dvůr"
"M1062",NA,"Popůvky u Brna-Bukovanské louky"
"M1063",NA,"Popůvky u Brna-Náves"
"M1064","24-34-03/24","Popůvky u Brna-Panské nivy"
"M1065","24-34-03/15","Popůvky u Brna-Pod Šípem/Panské Nivy"
"M1066","FT6","Popůvky u Brna-Sádky"
"M1067","24-34-03/25","Popůvky u Brna-ul. Nová"
"M1068","24-42-10/3","Popůvky u Kojetína-U křižovatky"
"M1069","14-41-24/7","Postřelmov-U Františka"
"M1070","34-23-18/1","Poštorná-Boří les"
"M1071",NA,"Povel-Jeremiášova"
"M1072","664","Poysbrunn-Autobahn"
"M1073","800","Poysbrunn-Bittenau"
"M1074","1166","Poysbrunn-Ziegelei Weinmann"
"M1075","1060","Poysdorf-beim Huscharlkreuz"
"M1077","247","Poysdorf-Bürsting"
"M1078","1059","Poysdorf-Hermannschachner"
"M1079","960","Poysdorf-Steinberg"
"M1080",NA,"Poysdorf-Winzerstrase"
"M1081","24-41-23/5","Pozořice-Hlásnica"
"M1082","24-41-23/7","Pozořice-Maršíky"
"M1083","24-41-23/2","Pozořice-Rékoví"
"M1084",NA,"Pravčice-Podsedky"
"M1085","25-31-08/10","Pravčice-U obrázku"
"M1086","FT221","Pravlov-Hájky"
"M1087","FT107","Pravlov-rokle"
"M1088","25-13-08/1","Prosenice-Nadloučí"
"M1089","FT339","Prosiměřice-U Kyjovic"
"M1090","24-24-12/6","Prostějov-městská jatka"
"M1091","24-24-12/8","Prostějov-Určická, Okružní ul."
"M1092","24-24-07/14","Prostějov-Za kovárnou"
"M1093",NA,"Prostějov-Za tržištěm"
"M1094","24-34-07/1","Prštice-Na ostrých"
"M1095","24-34-13/17","Prštice-Před zámkem"
"M1096","25-13-09/10","Prusínky-Obransko"
"M1097",NA,"Prusinovice-Dolní odomče"
"M1098",NA,"Prusy-Niva u Prus"
"M1099","322","Prutzendorf-Martelbreite"
"M1100","A43","Prutzendorf-Prutzenberg"
"M1101","25-11-16/10;  25-11-16/11","Přáslavice u Olomouce-Díly pod dědinou"
"M1102","25-11-16/10","Přáslavice u Olomouce-Na širokém"
"M1103","25-11-16/8","Přáslavice u Olomouce-Padělky"
"M1104","25-13-12/10","Předmostí-Díly"
"M1105",NA,"Předmostí-Malé Předmostí"
"M1106","25-13-12/10","Předmostí-Široký"
"M1107","24-21-25/4","Přemyslovice-Nad rybníkem"
"M1108","34-11-02/1","Přeskače-Výhon"
"M1109",NA,"Přílepy u Holešova-Hynčina"
"M1110","23-44-15/2","Příložany-Příložanské padělky"
"M1111",NA,"Přísnotice-Za Humny"
"M1112","23-44-24/2","Příštpo-Hodavy"
"M1113","FT384","Příštpo-Markovský"
"M1114","FT383","Příštpo-U žabíka"
"M1115","23-44-20/2","Příštpo-Zamrzlík"
"M1116","34-23-02/18","Přítluky-Fraumühle"
"M1117","34-23-02/20","Přítluky-Obecní pastviny"
"M1118",NA,"Ptení-Dvorek Kolonie"
"M1119",NA,"Ptení-Tabule"
"M1120","24-23-05/16","Ptení-V dobka"
"M1121","1020","Pulkau-Haselparz"
"M1122","524","Pulkau-Scheiben"
"M1123",NA,"Pulkava-Kozlének"
"M1124","24-24-21/12","Pulkava-Obrova noha"
"M1125","24-42-06/23","Pustiměř-Na rovinách"
"M1126","24-42-06/20","Pustiměř-obec"
"M1127","24-42-06/1","Pustiměř-Pod Grety"
"M1128","FT180","Rácovice-Kopec"
"M1129",NA,"Rácovice-U mlýna"
"M1130","FT443","Rácovice-U železniční zastávky"
"M1131","FT426","Račice u Hrotovic-U hájků"
"M1132",NA,"Radošovce-Diely"
"M1133",NA,"Radošovce-Vieska"
"M1135","24-42-06/12","Radslavice u Vyškova-Niva"
"M1136","24-42-06/10","Radslavice u Vyškova-Pod dědinou"
"M1137","24-42-06/9","Radslavice u Vyškova-Zelená hora"
"M1138","24-41-10/10","Radslavičky-Vinohrádky"
"M1139","1198","Rafing-Beim Bründl"
"M1140","24-34-20/2","Rajhrad-Matlaška"
"M1141","FT149","Rajhrad-Pod hraničkami"
"M1142","FT45","Rajhradice-Na předním"
"M1143","24-34-15/9","Rajhradice-Stráně nad Habřinou"
"M1144","24-43-10/14","Rašovice u Bučovic-Za malým mostkem"
"M1145","1016","Reinthal-"
"M1146",NA,"Rešice-Hradisko"
"M1147","24-33-23/5","Rešice-Pod vilou"
"M1148","FT427","Rešice-Zaječné zahrady"
"M1149",NA,"Retz-Stadtfeld"
"M1150","574","Ringelsdorf-Große Herrschaftswiese"
"M1151",NA,"Ringelsdorf-Große Herrschaftswiese"
"M1152","208","Ringelsdorf-Kuse"
"M1153","576","Ringelsdorf-Langfeld"
"M1154",NA,"Rokytná-Malé a Velké Hradisko"
"M1155",NA,"Rokytná-Na brdcích"
"M1156",NA,"Rokytná-Obora"
"M1157","FT227","Rosice u Brna-Brusy"
"M1158","24-33-17/3","Rouchovany-intravilán"
"M1159","FT429","Rouchovany-Ouvary"
"M1160","FT407","Rouchovany-silnice do Hrotovic"
"M1161","24-41-24/31","Rousínov u Vyškova-autobusové nádraží"
"M1162","24-43-04/7","Rousínov u Vyškova-Přední lány"
"M1163","24-41-24/11","Rousínov u Vyškova-Tyršova"
"M1164","FT276","Rozdrojovice-Čtvrtky"
"M1165","24-32-18/4","Rozdrojovice-U kříže"
"M1166",NA,"Rudimov-Paličky"
"M1168","14-44-18/10","Rybníček-U Rybného potoka"
"M1169","24-33-25/1","Rybníky na Moravě-Čtvrtky"
"M1170","FT58","Rybníky na Moravě-Díly"
"M1171","24-33-24/1","Rybníky na Moravě-Pipele"
"M1172",NA,"Rymice-Holoubky,  Za olším"
"M1173","25-31-04/4","Rymice-Vrchní blání"
"M1174","24-32-19/22","Řeckovice-Filkukova"
"M1175","FT387","Řečkovice-Duhová"
"M1176","24-32-19/21","Řečkovice-Kořískova"
"M1177","24-22-19/21","Řepčín-Horní nivy"
"M1178","24-22-19/4","Řepčín-Pod hřbitovem"
"M1179","FT15","Řícany u Brna-Díly od Rosic"
"M1180","FT381","Sebranice u Boskovic-Zadní pola"
"M1181","24-33-03/2","Sedlec u Náměště nad Oslavou-hrad"
"M1182",NA,"Selešovice-Pod rozdíly"
"M1183","24-24-11/31","Seloutky-Bouzovce"
"M1184","24-24-11/29","Seloutky-Kozinec"
"M1185","24-24-11/23","Seloutky-obec"
"M1186","24-24-11/20","Seloutky-Rozumky"
"M1187","24-24-11/22","Seloutky-U planičky"
"M1188",NA,"Senica-Čapková roľa"
"M1189",NA,"Senica-Diely k vinohradom"
"M1190",NA,"Senica-Diely za cintorínom"
"M1191",NA,"Senica-jižně od liehovaru"
"M1193",NA,"Senica-pri Dolných Surovinach"
"M1194",NA,"Senica-Sedlička"
"M1195",NA,"Senica-Sotina-Čapkova roľa"
"M1196",NA,"Senica-Sotinská ul."
"M1197",NA,"Senica-Železničná ul."
"M1198","24-22-12/3","Senice na Hané-Loucká hora"
"M1199","24-22-12/5","Senice na Hané-Loučanské"
"M1200",NA,"Senička-Křéb"
"M1201",NA,"Senička-Na záhumení"
"M1202",NA,"Senička-Panské"
"M1203","24-33-09/1","Senorady-Na hradiskách"
"M1204","FT274","Senorady-Podhání"
"M1205","FT183","Senorady-Rozběhlo"
"M1206","FT182","Senorady-Zadní nivky"
"M1207","24-32-07/7","Sentice-Sokolí"
"M1208","28, 839","Schletz-Kirchfeld"
"M1209","858","Schletz-Kurze Ried"
"M1210","410","Schletz-Sturmfleck"
"M1211","832","Siebenhirten-dům č. 135"
"M1212","631","Sierndorf an der March-Schanzenfeld"
"M1213","634","Sierndorf an der March-Unteres Feld"
"M1214","24-34-13/1","Silůvky-Tikovská hora"
"M1215","FT143","Sivice-Nebosady"
"M1216","FT482","Sivice-Rejdy"
"M1217","FT108","Sivice-Záhumení"
"M1218","FT394","Skalice u Znojma-V chobotech"
"M1219","FT395","Skalice u Znojma-Za hájkem pod kopcem"
"M1220","24-44-24/9","Skalka u Kyjova-Újezdy"
"M1221","34-22-08/5","Skoronice-Přední díly"
"M1222","24-22-08/1","Skrbeň-Hradisko"
"M1223",NA,"Skrbeň-U křepelky"
"M1224","FT474","Skryje nad Jihlavou-Jahodnice"
"M1225","FT431","Slatina u Jevišovic-Padělky"
"M1226",NA,"Slatina-Stránská skála"
"M1227","24-43-01/30","Slatina-Švédské šance"
"M1228","24-43-01/30","Slatina-Švédské valy"
"M1229","24-22-22/32","Slatinice na Hané-Na Stráži"
"M1230","24-22-22/43","Slatinice na Hané-Pasuňk"
"M1231","24-22-22/35","Slatinice na Hané-Vinohrádky"
"M1232","24-22-22/4","Slatinky-Boří"
"M1233","24-22-22/13","Slatinky-Dlouhé"
"M1234","24-22-22/10","Slatinky-Močilky"
"M1235","24-22-22/5","Slatinky-Nad Ostichovcem"
"M1236","24-22-22/9","Slatinky-Pod hájem"
"M1237","24-22-22/4","Slatinky-Varhany"
"M1238","24-22-22/8","Slatinky-Za humny"
"M1239","FT432","Slavice-Achtele"
"M1240","FT444","Slavíkovice u Jemnice-Brýle"
"M1241","FT445","Slavíkovice u Jemnice-Na ostancích"
"M1242","24-43-09/4","Slavkov u Brna-Na Obůrkách"
"M1243",NA,"Slavkov u Uherského Brodu-Podluža"
"M1244","24-22-19/17","Slavonín-Arbesova"
"M1245",NA,"Slavonín-Horní lán"
"M1246","24-22-19/20","Slavonín-Pod Vlachovým"
"M1247",NA,"Slavonín-U hvězdárny"
"M1248","24-22-19/22","Slavonín-U statku"
"M1249",NA,"Slavonín-Za Křenkovým"
"M1250",NA,"Slížany-mezi dvorem Oborou a lesem Přehýkem"
"M1251",NA,"Služín-Nad zahradami"
"M1252","24-22-21/24","Služín-Za hliníky"
"M1253",NA,"Smrdáky-Hrachovište"
"M1254",NA,"Smrdáky-Kraciny"
"M1255","24-24-07/19","Smržice-Prostřední záolešní"
"M1256","24-24-02/19","Smržice-Přední u cihelny"
"M1257",NA,"Smržice-Rybník"
"M1258",NA,"Smržice-Šamanovská"
"M1259","24-24-02/22","Smržice-Šimanov"
"M1260","24-24-07/2","Smržice-Trávníky u ostrova"
"M1261","24-24-07/6","Smržice-Záolešní u mostu"
"M1262","24-24-21/11","Sněhotice-Za Familií"
"M1263","25-33-08/1","Spytihněv-Němeča"
"M1264",NA,"Staré Brno-Nové sady"
"M1265","24-42-22/3","Staré Hvězdlice-Klín"
"M1266",NA,"Staré Město u Uherského Hradiště-Baťův průplav"
"M1267","25-33-17/5","Staré Město u Uherského Hradiště-Čertůj Kút"
"M1268","25-33-17/6","Staré Město u Uherského Hradiště-Špitálky"
"M1269","25-33-17/7","Staré Město u Uherského Hradiště-Zadní Kruhy"
"M1270","34-21-17/3","Starovičky-Velké padělky"
"M1271","24-24-02/2","Stařechovice–Kalvy"
"M1272",NA,"Stavenice-Na flecích"
"M1273","506","Steinebrunn-Hechtenteich"
"M1274","24-24-06/13","Stichovice-Kříž u Zlechova"
"M1275","24-24-06/14","Stichovice-Přehrada"
"M1276",NA,"Stillfried-Auhagen am Roshusberg"
"M1277","34-13-08/1","Strachotice-Pod silnicí"
"M1278",NA,"Strachotín-štěrkovna"
"M1279","FT115","Stránice-nám. Míru"
"M1280","FT2","Střelice u Brna-Chromky"
"M1281","24-34-08/3","Střelice u Brna-Líchy nad Bobravou"
"M1282","24-34-08/7","Střelice u Brna-Líchy u palouku"
"M1283","24-34-08/5","Střelice u Brna-Padělky"
"M1284","FT1","Střelice u Brna-Prostřední trať"
"M1285","24-34-08/6","Střelice u Brna-škola"
"M1286","FT60","Střelice u Jevišovic-Bukovina"
"M1287","23-44-25/2","Střelice u Jevišovic-Klobouček"
"M1288","33-22-05/7","Střelice u Jevišovic-Na Okroukách"
"M1289","FT147","Střelice u Jevišovic-Sklep"
"M1290","33-22-05/8","Střelice u Jevišovic-Starý zámek"
"M1291","FT389","Střelice u Jevišovic-Zádušky"
"M1292",NA,"Stříbrnice u Uherského Hradiště-U sv. Jána"
"M1293","24-14-05/13","Sudice u Boskovic-Na vrších"
"M1294","24-23-01/4","Sudice u Boskovic-Vejštice"
"M1295",NA,"Sudoměřice-Horní chmelnice"
"M1296",NA,"Suchohrad-Jednotky"
"M1297","34-11-17/6","Suchohrdly u Znojma-Starý zámek"
"M1298",NA,"Suchohrdly u Znojma-U Červeného Dvora"
"M1299","25-13-09/2","Sušice u Přerova-Dílnice"
"M1300",NA,"Sušice u Uherského Hradiště-Kočovy"
"M1301","24-32-04/5","Svinošice-U břeží"
"M1302","24-14-05/2","Svitávka-Hradisko"
"M1303","FT254","Syrovice-Klínky"
"M1304","FT493","Syrovice-Malé pole"
"M1305","34-21-21/29","Šakvice-Štěpničky"
"M1306","34-22-11/8","Šardice-Areál Ústředního zásobníku"
"M1307","34-22-06/6","Šardice-intavilán"
"M1308","34-22-11/4","Šardice-Na pískách"
"M1309","34-22-11/4","Šardice-Šinogrova pískovna"
"M1310","34-13-06/1","Šatov-Cihelna"
"M1311","24-21-21/2","Šebetov-U Mořicova dvora"
"M1312","23-44-13/17","Šebkovice-Holeček"
"M1313","23-44-08/2","Šebkovice-U Újezdského mlýna"
"M1314",NA,"Šišma - východně od obce"
"M1315","25-13-09/7","Šišma-Amerika"
"M1316","25-13-14/8","Šišma-Domovina"
"M1317","25-13-14/6","Šišma-Domovina II"
"M1318","FT87","Šitbořice-Pod Líchama"
"M1319",NA,"Šlapanice u Brna-Brněnská pole"
"M1320","24-43-01/24","Šlapanice u Brna-Dílky"
"M1321","24-43-01/12","Šlapanice u Brna-Na Puštoře"
"M1322","24-43-01/17","Šlapanice u Brna-Nad zámkem"
"M1323","23-44-09/1","Štěpánovice u Jaroměřic nad Rokytnou-Niva"
"M1324","23-44-09/4","Štěpánovice u Jaroměřic nad Rokytnou-okolo Vacenovického potoka"
"M1325","FT188","Štěpánovice u Jaroměřic nad Rokytnou-za dvorem"
"M1326","33-22-13/1","Štítary na Moravě-U Helenina dvora"
"M1327","24-34-04/4","Štýřice-Polní"
"M1328","FT471","Štýřice-Vídeňská ul."
"M1329",NA,"Šumice u Uherského Brodu-U jezer"
"M1330",NA,"Šumná-Na nivě"
"M1331","14-44-07/7,14-44-07/10","Šumvald-rybník"
"M1332","35-11-17/3","Tasov nad Veličkou-Mezi potoky"
"M1333",NA,"Tasov nad Veličkou-Pod Radošovem"
"M1334","24-43-11/7","Telnice u Brna-cihelna"
"M1335","24-43-11/6","Telnice u Brna-Nad Krakovcem"
"M1336","34-11-23/3","Těšetice u Znojma-Ruská"
"M1337","34-11-23/6","Těšetice u Znojma-Za kostelem"
"M1338","35-12-01/4","Těšov-Bažantnice"
"M1339","25-34-21/4","Těšov-Losky"
"M1340","FT26","Tetčice-Kříby"
"M1341","FT25","Tetčice-Podhorka"
"M1342",NA,"Thomasl-"
"M1343",NA,"Tišnov-Černohorská ul."
"M1344",NA,"Tišnov-Wagnerova"
"M1345","24-42-08/21","Tištín-Díly od Ivanovic"
"M1346",NA,"Tlumačov na Moravě-Kopce"
"M1347",NA,"Tlumačov na Moravě-Kráčiny"
"M1348",NA,"Tlumačov na Moravě-Slivotín"
"M1349","24-42-11/29","Topolany u Vyškova-Padělky za dědinou"
"M1350",NA,"Topolná-Osičná"
"M1351",NA,"Tovačov - město"
"M1352","24-24-15/5","Tovačov-cihelna na Hraďouchu"
"M1353",NA,"Trboušany-V Olších"
"M1354",NA,"Trnávka u Lipníka nad Bečvou-Hyk"
"M1355",NA,"Trnitá-Dornych"
"M1356",NA,"Trnitá-ul.Trnitá"
"M1357","14-44-07/4","Troubelice-Padělky"
"M1358",NA,"Troubsko-Bažantnice"
"M1360","34-11-03/2","Trstěnice u Moravského Krumlova-Kleštěnec"
"M1361","25-13-02/2","Tršice-Nad dolním mlýnem"
"M1362","25-11-22/1","Tršice-Padělky"
"M1363","25-13-02/3","Tršice-Za hruškou"
"M1364","33-22-01/5","Třebelovice-Lovětice"
"M1365","FT446","Třebelovice-Nádavky"
"M1366","FT447","Třebelovice-Palovce"
"M1367","25-31-09/10","Třebětice-Koleno"
"M1368",NA,"Tučapy-Nad horkami"
"M1369","FT48","Tulešice-Za zahradou"
"M1370","25-13-19/11","Turovice-Díly za vodou"
"M1371","24-43-02/13","Tvarožná-Pod kopci"
"M1372",NA,"Tvarožná-Santon"
"M1373","24-43-02/32","Tvarožná-U Sofra"
"M1374","24-41-22/45","Tvarožná-Vinohrady"
"M1375","24-43-02/12","Tvarožná-Záhumení"
"M1376","FT257","Tvořihráz-Louky"
"M1377","34-11-17/10","Tvořihráz-Pod sedleckými"
"M1378","FT327","Tvořihráz-U lisovny"
"M1379","34-21-06/4","Uherčice u Hustopečí-Prostřední nad silnicí"
"M1380","35-11-05/6","Uherský Brod-Katovka"
"M1381","35-11-05/8","Uherský Brod-Kyčkov"
"M1382","25-33-25/4","Uherský Brod-Náklady"
"M1383","24-21-16/10","Uhřice u Boskovic-kravín JZD"
"M1384","14-43-19/5","Újezd u Mohelnice-intravilán"
"M1385","14-43-19/7","Újezd u Mohelnice-Na širokých"
"M1386","14-43-19/5","Újezd u Mohelnice-severní okraj vsi"
"M1387","14-43-19/6","Újezd u Mohelnice-U Horních Krčem"
"M1388","14-44-18/9","Újezd u Uničova-K Žerotínu"
"M1389","25-34-21/2","Újezdec u Luhačovic-Kopánky"
"M1390","25-34-21/6","Újezdec u Luhačovic-Lány"
"M1391","34-11-17/2","Únanov-Padělky"
"M1392","34-11-17/4","Únanov-Polodíly"
"M1393","24-22-07/13","Unčovice-Kříby"
"M1394","14-44-17/11","Uničov-Mezi silnicemi"
"M1395","14-44-17/10","Uničov-Šibeniční vrch"
"M1396",NA,"Uničov-U kravína"
"M1397","14-44-12/7","Uničov-Za drahou"
"M1399","313","Untermixnitz-Droschelsau"
"M1400","325","Untermixnitz-Hungerfeld"
"M1401","258","Untermixnitz-Lißen"
"M1402","869","Unterthürnau-Heide"
"M1403","24-24-16/35","Určice-Dlouhé Kluče"
"M1404","24-24-16/30","Určice-Golštýn-Charbovec"
"M1405","24-24-16/33","Určice-Hájové"
"M1406","24-24-16/30","Určice-Horní Golštýn"
"M1407","24-24-16/31","Určice-Klementky"
"M1408","24-24-16/39","Určice-Kopaniny"
"M1409","24-24-16/40, 59","Určice-Kumberky"
"M1410","24-24-17/5","Určice-Nivky"
"M1411",NA,"Určice-Sedliska"
"M1412","24-24-17/2","Určice-Záhumení"
"M1413","24-24-16/32","Určice-Zelená zmola"
"M1414","14-43-15/1","Úsov-město-Na úsovském"
"M1415","14-44-11/6","Úsov-město-Okroužky"
"M1416","14-44-11/3","Úsov-město-Ovčár"
"M1417",NA,"Úsov-město-Pod Křížovou horou"
"M1418","24-22-18/5","Ústín-Nad Spálencem"
"M1419","25-11-21/6","Vacanovice-Zápotočí"
"M1420","FT99","Vacenovice-Polodíly"
"M1421","FT111","Vacenovice-U studně"
"M1422",NA,"Vanovice-Boří"
"M1423","24-12-25/5","Vanovice-Nad rozpadlou"
"M1424",NA,"Vážany u Uherského Hradiště-Padělky u Divoků"
"M1425","FT460","Vedrovice-Draždík"
"M1426","34-12-01/14","Vedrovice-Široká u lesa/Za dvorem"
"M1427","34-12-01/7","Vedrovice-U kostela"
"M1428","FT461","Vedrovice-Vanecká"
"M1429","FT166","Vedrovice-Za sádkem"
"M1430","24-41-22/34","Velatice-Padělky"
"M1431","24-43-02/61","Velatice-Prostřední velikonoce"
"M1432","24-41-22/58","Velatice-Velatické vrchy"
"M1433",NA,"Velehrad-Rákoš"
"M1434","24-43-03/23","Velešovice-Padělky"
"M1435","24-43-03/20","Velešovice-Půllány za mlýnem"
"M1436","25-11-16/14","Velká Bystřice-obec"
"M1437",NA,"Velká Bystřice-Přední trávníky"
"M1438","34-21-24/2","Velké Bílovice-Zimarky"
"M1439",NA,"Velké Hostěrádky-Klouč"
"M1440",NA,"Velké Hostěrádky-Skřípov"
"M1441","FT94","Velké Němčice-Nová Ves"
"M1442","24-21-11/23","Velké Opatovice 2"
"M1443","24-21-11/22","Velké Opatovice-Strážnice"
"M1444","34-21-18/5","Velké Pavlovice-Na hrúdkách"
"M1445","FT440","Velký Dešov-U Vlčáku"
"M1446","24-22-25/4","Velký Týnec-Prostřední a Zadní hony (díly)"
"M1447","25-11-21/2","Velký Týnec–Nivy"
"M1448","FT449","Velký Újezd u Kojatic-Na volských"
"M1449","FT448","Velký Újezd u Kojatic-Za ústavem"
"M1450","34-11-04/2","Vémyslice-Na výhoně"
"M1451","FT49","Vémyslice-Stavové"
"M1452","24-24-15/7","Věrovany-Padělky"
"M1453","FT485","Ves Blížkovice-Dědictví"
"M1454","FT189","Vesce u Moravských Budějovic-U silničky"
"M1455","25-13-03/9","Veselíčko u Lipníka nad Bečvou-Vlčince"
"M1457","FT479","Vevčice-Nad vývozem"
"M1458","FT248","Vevčice-Vysoké Pšeničné"
"M1459","FT17","Veverská Bitýška-Člunky"
"M1460",NA,"Veverská Bitýška-Chmelníky"
"M1461","24-32-22/1","Veverské Knínice-Dlouhé díly"
"M1462","FT19","Veverské Knínice-Netušilky"
"M1463",NA,"Věžky-u hřbitova"
"M1464","24-42-03/10","Víceměřice-Padělky"
"M1465","24-44-06/9","Vícemilice-Baračka"
"M1466","24-44-06/9","Vícemilice-Písky"
"M1467","24-44-06/36","Vícemilice-U sv. Jána"
"M1468","24-23-10/9","Vícov-Výmoly"
"M1469","24-23-10/13","Vícov-Zábrančí"
"M1470","24-24-21/2, 42","Vincencov-Kopaniny"
"M1471","24-24-17/31","Vincencov-obec"
"M1472","24-41-23/21","Vítovice-Padělky"
"M1473","35-11-09/3","Vlčnov-Dřínky"
"M1474","35-11-04/3","Vlčnov-Pod Hájkom"
"M1475","24-34-20/10","Vojkovice u Židlochovic-Vojkovické nivy"
"M1476",NA,"Vrádište-Rubanice"
"M1477",NA,"Vrahovice-Trávníky"
"M1478","24-24-22/7","Vranovice-Háj"
"M1479","24-24-22/7","Vranovice-Vranovický Háj"
"M1480","FT449","Vratěnín-U kola"
"M1481",NA,"Vrbátky-Na panském"
"M1482",NA,"Vrbice u Velkých Pavlovic-Famílie"
"M1483","24-42-09/9","Vrchoslavice-Za hrobárňó"
"M1484","24-42-09/11","Vrchoslavice-zemědělské družstvo"
"M1485","24-22-25/10","Vsisko-Sklípky"
"M1486","24-32-03/2","Všechovice u Tišnova-Rybníky"
"M1487",NA,"Všetuly-Palackého"
"M1488",NA,"Všetuly-Zdražilovsko"
"M1489","23-44-08/6","Výčapy-Kovandy"
"M1490","23-44-09/2","Výčapy-Strážnice"
"M1491","FT190","Výčapy-Zátoka"
"M1492","34-11-12/10; 34-11-12/11","Výrovice-Na Brtníku"
"M1493","34-11-12/10","Výrovice-Na kopci"
"M1494","34-11-12/11","Výrovice-Nad skalkami"
"M1495","34-11-12/14","Výrovice-Velká skála"
"M1496",NA,"Vysočany u Znojma-Kochovo pole"
"M1497","33-22-06/1","Vysočany u Znojma-Palliardiho hradisko"
"M1498","FT450","Vysočany u Znojma-U rybníka"
"M1499","24-42-11/1","Vyškov-Markova cihelna"
"M1500","315","Waidendorf-Buhuberg"
"M1501","579","Waidendorf-Kridlwiesen"
"M1502",NA,"Waidendorf-Niklassee"
"M1503",NA,"Waidendorf-Unteres Marchfeld"
"M1504","223","Waltersdorf an der March-Honifäcker"
"M1505",NA,"Waltersdorf an der March-Langes Feld"
"M1506","697","Wetzelsdorf-"
"M1507","709","Wilfersdorf-Kirchbergen"
"M1508","326,368, 1009","Wilhelmsdorf-Gratzln"
"M1509","465?","Wolfsbach-Hofstätten"
"M1510","466","Wolfsbach-Langmais-Irren"
"M1511","77, 1071","Wultendorf-Angerl"
"M1512",NA,"Zábrdovice-areál Zbrojovky"
"M1513",NA,"Zábrdovice-Přadlácká"
"M1514","14-44-11/14","Zadní Újezd-Holubice"
"M1515","14-44-11/12","Zadní Újezd-intravilán"
"M1516","14-44-11/13","Zadní Újezd-Za humny"
"M1517",NA,"Záhlinice-intravilán"
"M1518",NA,"Záhlinice-U mlýna"
"M1519",NA,"Záhorská Bystrica-Devínske jazero"
"M1520",NA,"Záhorská Bystrica-Dievčí hrádok"
"M1521",NA,"Záhorská Bystrica-Krče"
"M1522",NA,"Záhorská Bystrica-Mást-Hrachovisko"
"M1523",NA,"Záhorská Bystrica-Westpark I"
"M1524",NA,"Záhorská Ves-hospodársky dvor JRD"
"M1525",NA,"Záhorská Ves-JV obce"
"M1526","34-23-02/21","Zaječí-štěrkovna"
"M1527","FT272","Zakřany-Padělky u hřbitova"
"M1528","FT434","Zálesí u Bítova-Kopanina"
"M1529","FT374","Zástřizly-Luky"
"M1530","FT437","Zástřizly-Záviška"
"M1531","24-42-19/5","Zborovice-Obora"
"M1532","FT228","Zbýšov u Oslavan-důl Anna"
"M1533","24-23-05/10","Zdětín na Moravě-Malá strana"
"M1534","24-42-25/2","Zdounky-Čtvrtě za chobotem"
"M1535","24-42-25/1","Zdounky-Ke Světlé"
"M1536","748","Zellerndorf-Ziegelei Hofstätter"
"M1537","A41","Zettlitz-Hofäcker"
"M1538","833","Ziernreith-Lissl"
"M1539","834","Zissersdorf-Käferäcker"
"M1540","25-33-16/1","Zlechov-Díly"
"M1541","34-11-21/8","Znojmo-Hradiště"
"M1542","FT238","Znojmo-Hradiště-Goldberg"
"M1543","FT237","Znojmo-Hradiště-Velké panské"
"M1544","FT246","Znojmo-město-Hakenova"
"M1545",NA,"Znojmo-město-Horní náměstí"
"M1546","34-11-21/1","Znojmo-město-Hradní ul."
"M1547","34-11-21/5","Znojmo-město-Novosady"
"M1548",NA,"Znojmo-město-Pazderky"
"M1549","FT171","Znojmo-město-Pazderky II"
"M1550",NA,"Znojmo-město-U pramenů"
"M1551",NA,"Zohor-Piesky"
"M1552",NA,"Zvole u Zábřeha-stavba silnice"
"M1553","644, 645, 646","Zwerndorf-"
"M1554","749","Zwerndorf-Dornparz"
"M1555","643","Zwerndorf-Untere Scheibäcker"
"M1556","24-32-24/15","Žabovřesky-Šmejkalova"
"M1557","34-22-03/1","Žádovice-Dolní újezd"
"M1558","24-43-25/2","Žarošice-Oulehle"
"M1559","24-43-25/7","Žarošice-Vrchní mlýn"
"M1560","24-23-15/7","Žárovice-Poddubí"
"M1561","24-23-15/11","Žbánov-Hradisko"
"M1562","24-23-10/16","Žbánov-Terasa nad Hloučelou"
"M1563","24-32-23/11","Žebětín-Čihadla"
"M1564","24-32-23/3","Žebětín-Na Drdi"
"M1565","FT230","Žebětín-Pekárna"
"M1566","24-32-23/2","Žebětín-U křivé borovice"
"M1567","25-13-13/4","Želatovice u Přerova-Remíz"
"M1568","24-42-02/1","Želeč na Hané-Holcasy"
"M1569","24-42-02/2","Želeč na Hané-Ondrácko"
"M1570","24-42-02/11","Želeč na Hané-Široké"
"M1571","14-44-18/4","Želechovice u Uničova-intavilán"
"M1572","14-44-18/4","Želechovice u Uničova–obec"
"M1573","24-34-14/8","Želešice-Dvorecké"
"M1574","FT253","Želešice-V hojnarkách"
"M1575","24-32-02/2","Železné-Hradisko"
"M1576",NA,"Železné-Záhomí"
"M1577","24-22-23/5","Žerůvky-intravilán"
"M1578",NA,"Žerůvky-Ve starých trávníkách"
"M1579",NA,"Žerůvky-Vyškrábané"
"M1580",NA,"Židenice-cihelna"
"M1581","25-31-04/8","Žopy-Hrabí"
"M1582",NA,"Žopy-Nad debří"
"M1583",NA,"Židenice-Táborská"
"M1584","N","Ždánice-Pašerova bouda"
"M1585","N","Snovídky-V hlubině"
